# Portuguese allowed names, parsed from the official IRN list.
# Generated by tools/names-snapshot - do not edit by hand.
# generated: 2026-09-20T23:34:40.798196Z
# source: https://irn.justica.gov.pt/Portals/33/Regras%20Nome%20Proprio/Lista%20Nomes%20Pr%C3%B3prios.pdf?ver=WNDmmwiSO3uacofjmNoxEQ%3D%3D
# count: 7481
Aabirah	F
Aabaj	M
Aaditi	F
Aagambir	M
Aaira	F
Aahan	M
Aaish	F
Aahil	M
Aakriti	F
Aankit	M
Aalia	F
Aarav	M
Aaliya	F
Aaravpreet	M
Aaliyah	F
Aaron	M
Aalyiah	F
AAron	M
Aamna	F
Aarón	M
Aarica	F
Aarush	M
Aarohi	F
Aaryan	M
Aarushi	F
Aasaal	M
Aarvi	F
Aayam	M
Aashvi	F
Aayan	M
Aatika	F
Aayun	M
Aayat	F
Aayush	M
Aayushi	F
Abd	M
Abby	F
Abdel	M
Abbygaëlle	F
Abdelhadi	M
Abeedha	F
Abdellah	M
Abeeha	F
Abdelrahman	M
Abhinaya	F
Abderrahmane	M
Abigael	F
Abdoallah	M
Abigail	F
Abdoulaye	M
Abimaela	F
Abdrahman	M
Abrayene	F
Abducadre	M
Abril	F
Abdul	M
Abrish	F
Abdulai	M
Acácia	F
Abdulaí	M
Acakarein	F
Abdullah	M
Achia	F
Abdulmuiz	M
Acricia	F
Abdulrahman	M
Açucena	F
Abdulwahab	M
Ada	F
Abduramane	M
Adalbmira	F
Abdurrahim	M
Adalgiza	F
Abel	M
Adália	F
Abhay	M
Adama	F
Abhayjit	M
Adan	F
Abhinav	M
Adanna	F
Abhinoor	M
Addis	F
Abhiyan	M
Adel	F
Abibo	M
Adelaide	F
Abiel	M
Adele	F
Abilio	M
Adélia	F
Abílio	M
Adelina	F
Abir	M
Adelle	F
Abner	M
Adely	F
Abou	M
Adelyna	F
Aboubacar	M
Adeya	F
Abraão	M
Adiane	F
Abraar	M
Adília	F
Abraham	M
Aditi	F
Abraim	M
Adja	F
Abrão	M
Adje	F
Abrar	M
Adla	F
Absalão	M
Adriana	F
Abubacar	M
Adriane	F
Acácio	M
Adrianna	F
Adab	M
Adriela	F
Adalberto	M
Adriele	F
Adam	M
Adrielle	F
Adama	M
Adrielly	F
Adame	M
Adriely	F
Adão	M
Adris	F
Adarsh	M
Adryelle	F
Adaylton	M
Adymara	F
Addison	M
Afonsa	F
Áddison	M
Afonsina	F
Adeep	M
Áfrika	F
Adelin	M
Agashti	F
Adelino	M
Agata	F
Adélio	M
Ágata	F
Adelmiro	M
Agatha	F
Adelson	M
Ágatha	F
Adem	M
Aglaya	F
Ademir	M
Agnes	F
Adenay	M
Agnia	F
Áder	M
Águeda	F
Adérito	M
Aguinalda	F
Ãdi	M
Agustina	F
Adiel	M
Ahana	F
Adil	M
Ahinara	F
Adilson	M
Aicha	F
Adnal	M
Aida	F
Adnan	M
Aidin	F
Adnav	M
Aihra	F
Adner	M
Aíko	F
Adney	M
Aila	F
Adolfo	M
Ailine	F
Adon	M
Ailla	F
Adonai	M
Aimara	F
Adonay	M
Aimee	F
Adonias	M
Aina	F
Adónis	M
Ainara	F
Adriaan	M
Ainhoa	F
Adrian	M
Aini	F
Adrián	M
Ainny	F
Adriano	M
Ainoa	F
Adrick	M
Ainoah	F
Adriel	M
Aisha	F
Adrien	M
Aísha	F
Ádrien	M
Aishleen	F
Adryan	M
Aishwarya	F
Adryán	M
Aissa	F
Adryel	M
Aissatá	F
Adulai	M
Aissatou	F
Ady	M
Aïssatou	F
Aécio	M
Aissatu	F
Aedan	M
Aitana	F
Aeric	M
Aixa	F
Afeef	M
Aiyane	F
Affaan	M
Aiza	F
Afidjo	M
Aizah	F
Afonso	M
Ajwa	F
Afraz	M
Akira	F
Agam	M
Aksinia	F
Agamjot	M
Akyra	F
Agampreet	M
Alafair	F
Agandeep	M
Alaia	F
Agnelo	M
Alaïa	F
Agostinho	M
Alaíde	F
Ahmad	M
Alaina	F
Ahmadou	M
Alaísse	F
Ahmed	M
Alana	F
Ahnaf	M
Alania	F
Ahren	M
Alanis	F
Aiã	M
Alanna	F
Aidan	M
Alannah	F
Aiden	M
Alanya	F
Ailen	M
Alaysha	F
Ailton	M
Alaziana	F
Aiman	M
Alba	F
Aimar	M
Alberta	F
Aires	M
Albertina	F
Airton	M
Alciany	F
Aïssa	M
Alcidia	F
Aizen	M
Alcione	F
Ajit	M
Alcíone	F
Akemi	M
Álcya	F
Akhrorov	M
Alda	F
Akin	M
Aldaísa	F
Aksh	M
Aldara	F
Akshit	M
Aldina	F
Akurin	M
Aldry	F
Al	M
Aleena	F
Aladje	M
Aleesha	F
Alage	M
Aleesyiah	F
Alain	M
Aleeza	F
Alan	M
Aleisa	F
Álan	M
Alejandra	F
Alano	M
Aleksandra	F
Alão	M
Aleksia	F
Alasdair	M
Alena	F
Alassana	M
Alesha	F
Albano	M
Alesia	F
Albert	M
Alessa	F
Albertini	M
Alessandra	F
Alberto	M
Alessia	F
Albertson	M
Alexa	F
Albino	M
Alexandra	F
Alcassimo	M
Alexandria	F
Alcides	M
Alexandrina	F
Alcindo	M
Alexanne	F
Alcino	M
Alexia	F
Aldiouma	M
Aléxia	F
Aldo	M
Alexis	F
Alec	M
Aléxis	F
Alecsander	M
Alexya	F
Alejandro	M
Alfatihah	F
Aleks	M
Alhona	F
Aleksandar	M
Alia	F
Aleksander	M
Ália	F
Aleksandr	M
Aliah	F
Aleksey	M
Aliana	F
Áleph	M
Aliane	F
Alesandro	M
Aliça	F
Alessandro	M
Alice	F
Alessio	M
Alicia	F
Alex	M
Alícia	F
Álex	M
Aliciana	F
Alexander	M
Alicya	F
Alexandr	M
Aliénor	F
Alexandre	M
Alifiyah	F
Alexandrino	M
Alimatu	F
Alexandro	M
Alina	F
Alexandros	M
Aline	F
Alexandru	M
Alinne	F
Alexei	M
Alis	F
Alexey	M
Alisa	F
Aléxio	M
Alise	F
Alexis	M
Alisha	F
Aléxis	M
Alisia	F
Alexsander	M
Alisiya	F
Alexsandr	M
Álison	F
Alexsandro	M
Alissa	F
Aleyson	M
Alissia	F
Alfa	M
Alixya	F
Alfee	M
Aliya	F
Alfonso	M
Aliyah	F
Alfred	M
Áliyah	F
Alfredinho	M
Aliyha	F
Alfredo	M
Aliyya	F
Alhasan	M
Aliza	F
Ali	M
Alizah	F
Alikhan	M
Alizay	F
Alin	M
Allana	F
Aliou	M
Allegra	F
Alípio	M
Allet	F
Alison	M
Allexa	F
Álison	M
Allice	F
Aliu	M
Allina	F
Aliyan	M
Alliyah	F
Allan	M
Alma	F
Allex	M
Almerinda	F
Allister	M
Alva	F
Allyson	M
Alvina	F
Almiro	M
Alya	F
Aloísio	M
Alyah	F
Alonso	M
Alyanna	F
Aloysius	M
Alycce	F
Alpha	M
Alycia	F
Alseny	M
Alyha	F
Altay	M
Alyne	F
Altino	M
Alyona	F
Alvarino	M
Alyse	F
Alvaro	M
Alysha	F
Álvaro	M
Alyssa	F
Alvim	M
Alyssia	F
Alvis	M
Alzira	F
Aly	M
Amaana	F
Alyaan	M
Amadea	F
Amadeo	M
Amaia	F
Amadeu	M
Amaina	F
Amadi	M
Amal	F
Amador	M
Amalia	F
Amadou	M
Amália	F
Aman	M
Amanda	F
Amâncio	M
Amandeed	F
Amandio	M
Amandla	F
Amândio	M
Amara	F
Amar	M
Amarachi	F
Amaro	M
Amari	F
Amary	M
Amarílys	F
Américo	M
Amaris	F
Ami	M
Amatullah	F
Amilcar	M
Âmbar	F
Amílcar	M
Amber	F
Amilton	M
Ambina	F
Amin	M
Amelia	F
Amir	M
Amélia	F
Amirxon	M
Amelie	F
Ammar	M
Amélie	F
Amoljot	M
Ameriane	F
Amrit	M
América	F
Anael	M
Ami	F
Ananias	M
Amiela	F
Anantveer	M
Amilia	F
Anas	M
Amina	F
Anass	M
Aminadabe	F
Anastácio	M
Áminah	F
Anatol	M
Aminata	F
Anatoly	M
Amira	F
Ander	M
Amirah	F
Anderson	M
Amnah	F
Andoni	M
Amora	F
Andre	M
Amrit	F
André	M
Amritveer	F
Andrea	M
Amy	F
Andreas	M
Ana	F
Andrei	M
Anabel	F
Andreo	M
Anabela	F
Andres	M
Anabelle	F
Andrés	M
Anabia	F
Andrew	M
Anaelle	F
Andrey	M
Anagila	F
Andriel	M
Anahel	F
Andries	M
Anaíce	F
Andrii	M
Anair	F
Andriy	M
Anais	F
Andrs	M
Anaís	F
Andy	M
Anaïs	F
Angel	M
Anaisa	F
Ángel	M
Anaísa	F
Àngel	M
Anaise	F
Angélico	M
Anaïssa	F
Angelino	M
Anaïsse	F
Angelo	M
Anaiza	F
Ângelo	M
Anaíze	F
Ânghel	M
Ana-Jane	F
Aníbal	M
Anajulia	F
Anilson	M
Analía	F
Anilton	M
Analie	F
Anílton	M
Analina	F
Anis	M
Analu	F
Anísio	M
Analúcia	F
Ankit	M
Anam	F
Anmol	M
Anamar	F
Ansel	M
Anamaria	F
Anselmo	M
Anami	F
Anshdeep	M
Ananda	F
Antero	M
Ananya	F
Anthoni	M
Anastacia	F
Anthony	M
Anastácia	F
Antoine	M
Anastasia	F
Anton	M
Anastasiia	F
Antón	M
Anastasiya	F
Antoni	M
Anastassia	F
Antonin	M
Anaya	F
Antonino	M
Anayah	F
Antonio	M
Anayse	F
António	M
Andersa	F
Antônio	M
Andra	F
Antony	M
Andrada	F
Anval	M
Andra-Ioana	F
Anyer	M
Andrea	F
Anyfá	M
Andréa	F
Anylson	M
Andreea	F
Aous	M
Andreia	F
Aousaf	M
Andreína	F
Apolo	M
Andrelys	F
Aquiles	M
Andresa	F
Arad	M
Andressa	F
Aramis	M
Ándressa	F
Arão	M
Ândria	F
Arbin	M
Andriana	F
Arcanjo	M
Ândrya	F
Arcelino	M
Aneira	F
Arham	M
Anelia	F
Ari	M
Anércia	F
Arian	M
Angel	F
Ariclenes	M
Angela	F
Ariel	M
Ângela	F
Ariful	M
Angelena	F
Arin	M
Angelic	F
Arion	M
Angélica	F
Aristides	M
Angelika	F
Arius	M
Angélika	F
Arjun	M
Angelina	F
Arley	M
Angélina	F
Arlindo	M
Angeline	F
Arlo	M
Angelini	F
Armaan	M
Angie	F
Arman	M
Anglina	F
Armand	M
Angy	F
Armandino	M
Anh	F
Armando	M
Ania	F
Arménio	M
Ânia	F
Armindo	M
Aniana	F
Armínio	M
Aniara	F
Arnaldo	M
Anícia	F
Arnav	M
Anik	F
Aron	M
Anika	F
Arpit	M
Aníria	F
Arryn	M
Anisa	F
Arseni	M
Anise	F
Arsenie	M
Anisha	F
Arsenii	M
Anisia	F
Arsénio	M
Anísia	F
Arsh	M
Anita	F
Arshman	M
Aniyah	F
Art	M
Anna	F
Artem	M
Annabelle	F
Artemiy	M
Anna-Carolina	F
Arteom	M
Annael	F
Arthem	M
Annalisa	F
Arthur	M
Annalya	F
Artimisio	M
Annanaya	F
Artiom	M
Annaysa	F
Artur	M
Anne	F
Artyom	M
Anneliese	F
Ary	M
Annelise	F
Aryan	M
Annelys	F
Asad	M
Anneura	F
Asafe	M
Anni	F
Asahel	M
Annick	F
Asen	M
Annie	F
Aser	M
Anny	F
Ashan	M
Annye-Keller	F
Asher	M
Anoek	F
Ashley	M
Ansa	F
Asiel	M
Antonela	F
Aslam	M
Antonella	F
Asse	M
Antonia	F
Assiano	M
Antónia	F
Assimiou	M
Antonieta	F
Assis	M
Anuque	F
Asstemír	M
Anuradha	F
Atesh	M
Anureet	F
Athos	M
Anurroi	F
Atílio	M
Anusca	F
Atlas	M
Anvika	F
Atreyu	M
Anya	F
Auany	M
Anyara	F
Augusto	M
Anyra	F
Aureliano	M
Apolline	F
Aurélien	M
April	F
Aurélio	M
Aqeela	F
Aureo	M
Aqsa	F
Austin	M
Aquila	F
Avelino	M
Aralyn	F
Avi	M
Archel	F
Avijot	M
Areana	F
Axel	M
Aretta	F
Axkan	M
Aria	F
Ayaan	M
Ária	F
Ayame	M
Ariadna	F
Ayami	M
Ariadne	F
Ayan	M
Ariadnne	F
Ayden	M
Ariana	F
Aykel	M
Ariane	F
Aylan	M
Arianna	F
Ayllen	M
Arianne	F
Aylton	M
Ariany	F
Ayman	M
Ariel	F
Aymen	M
Ariela	F
Ayoub	M
Ariele	F
Ayran	M
Ariella	F
Ayrton	M
Arielly	F
Ayush	M
Arihanna	F
Ayushman	M
Arima	F
Azael	M
Arina	F
Azan	M
Arione	F
Azarias	M
Arisha	F
Aziel	M
Arlete	F
Aziz	M
Arlinda	F
Azizjon	M
Arline	F
Azmat	M
Armanda	F
Aznei	M
Arnoor	F
Bachir	M
Aroa	F
Badara	M
Arohi	F
Badr	M
Aroshi	F
Baichuan	M
Arsénia	F
Baltasar	M
Arsh	F
Baltazar	M
Arshpreet	F
Balthazar	M
Aruna	F
Bambo	M
Arushi	F
Baniran	M
Arwa	F
Bara	M
Ary	F
Barack	M
Arya	F
Bartolomeu	M
Árya	F
Basil	M
Aryana	F
Basile	M
Aryanna	F
Basiru	M
Arybel	F
Bastian	M
Aryelle	F
Batiste	M
Aryhel	F
Bekoloya	M
Asheley	F
Belarmino	M
Asheleya	F
Belchior	M
Ashley	F
Bélcio	M
Ashmeet	F
Belmiro	M
Asmaa	F
Ben	M
Ásmin	F
Benard	M
Assia	F
Bendavid	M
Assiatou	F
Ben-Hur	M
Assiyatou	F
Benicio	M
Assma	F
Benício	M
Assmaa	F
Benilson	M
Assmah	F
Benjahmim	M
Assnat	F
Benjamim	M
Assunção	F
Benjamin	M
Astrid	F
Benjamín	M
Asvi	F
Benner	M
Atena	F
Benny	M
Athena	F
Bentley	M
Atika	F
Bento	M
Audrey	F
Bernard	M
Augusta	F
Bernardim	M
Augustine	F
Bernardo	M
Aura	F
Beto	M
Aurea	F
Bhavik	M
Áurea	F
Bhavnoor	M
Àurea	F
Bhernardo	M
Aurélia	F
Bhubin	M
Aurélie	F
Bilal	M
Aurora	F
Billy	M
Ava	F
Bishes	M
Avelina	F
Blake	M
Aviva	F
Blyth	M
Avnoor	F
Bo	M
Avonlea	F
Bogdan	M
Awayhame	F
Bohdan	M
Axelle	F
Bojidar	M
Aya	F
Bóris	M
Ayaana	F
Borrico	M
Ayan	F
Borys	M
Ayana	F
Boryslav	M
Ayane	F
Bosco	M
Ayani	F
Boubacar	M
Ayanna	F
Bradley	M
Ayanne	F
Brahim	M
Ayara	F
Braian	M
Ayat	F
Braiden	M
Ayesha	F
Braima	M
Ayhane	F
Braimy	M
Ayira	F
Brainer	M
Ayla	F
Brais	M
Aylén	F
Brandão	M
Aylin	F
Brandon	M
Aylla	F
Bráulio	M
Ayllah	F
Brayan	M
Aymê	F
Brayane	M
Aynara	F
Brayn	M
Aynoah	F
Brayne	M
Ayra	F
Breno	M
Aysha	F
Brian	M
Áysha	F
Bruce	M
Aysia	F
Bruno	M
Aysla	F
Bryan	M
Ayssa	F
Bryanne	M
Ayumi	F
Bryant	M
Ayunni	F
Bubacar	M
Ayushi	F
Cademo	M
Azahara	F
Cadio	M
Azaria	F
Caeden	M
Azenath	F
Caedyn	M
Azka	F
Cael	M
Azul	F
Caelan	M
Baani	F
Caetano	M
Bailo	F
Caíco	M
Bani	F
Caiel	M
Baran	F
Cailan	M
Barbara	F
Caio	M
Bárbara	F
Caique	M
Bareeha	F
Cairo	M
Bareerah	F
Cairon	M
Basant	F
Caleb	M
Bassiratu	F
Calebe	M
Bayan	F
Calixto	M
Beatrice	F
Calvin	M
Béatrice	F
Cameron	M
Beatris	F
Camil	M
Beatrise	F
Camilo	M
Beatrix	F
Camtai	M
Beatriz	F
Cândido	M
Beatriz-Elena	F
Canfa	M
Bebiana	F
Capriano	M
Bela	F
Carlin	M
Belen	F
Carlo	M
Belén	F
Carlos	M
Beline	F
Carlosjonse	M
Belisa	F
Carmim	M
Bella	F
Cas	M
Belle	F
Casimiro	M
Belmira	F
Cassiano	M
Benedita	F
Cássio	M
Benice	F
Castiel	M
Benigna	F
Catalin	M
Bercina	F
Cauã	M
Berenice	F
Cayden	M
Berfin	F
Cayleb	M
Bernadette	F
Cayo	M
Bernardette	F
Cedric	M
Bernardina	F
Cédric	M
Berta	F
Cedrick	M
Betânia	F
Cédrick	M
Bethany	F
Cedrik	M
Betina	F
Celestino	M
Béyoncé	F
Celino	M
Bhagyasheree	F
Célio	M
Bhavini	F
Celon	M
Bhavnoor	F
Célsio	M
Bia	F
Celso	M
Biana	F
Cesar	M
Bianca	F
César	M
Biani	F
Cesário	M
Bianka	F
Césaro	M
Biatriz	F
Ceumir	M
Bibiana	F
Cezar	M
Biia	F
Chadi	M
Bilguissa	F
Chan	M
Binta	F
Charbel	M
Binto	F
Charles	M
Bintou	F
Charles-David	M
Biyu	F
Charlie	M
Blaydeti	F
Chayson	M
Blendcy	F
Chaz	M
Blessing	F
Cheihouba	M
Bohdana	F
Cheikh	M
Bourou	F
Cheikhou	M
Branca	F
Cheng	M
Breanne	F
Cheng-He	M
Brearna	F
Chengman	M
Brenda	F
Cheok	M
Briana	F
Cherif	M
Brianna	F
Cherno	M
Brighitte	F
Chester	M
Brígida	F
Chi	M
Brigite	F
Chiagoziem	M
Britney	F
Chico	M
Briza	F
Chizara	M
Bronoéalfate	F
Chon	M
Brooklyn	F
Chris	M
Bruna	F
Chrishmiel	M
Bryan	F
Chrisland	M
Bryana	F
Christ	M
Bryanna	F
Christiaan	M
Buia	F
Christian	M
Byanca	F
Christiano	M
Cadi	F
Christophe	M
Cadiatou	F
Christopher	M
Cadidjato	F
Christyan	M
Cadidjatú	F
Chrystian	M
Cadija	F
Cícero	M
Cadijá	F
Cid	M
Cadijato	F
Cidálio	M
Cadijatu	F
Cilírio	M
Caetana	F
Ciprian	M
Caia	F
Ciro	M
Caitlin	F
Cisaldo	M
Cali	F
Cizia	M
Calie	F
Clan	M
Calli	F
Claudiano	M
Callista	F
Claudino	M
Camélia	F
Claudio	M
Camila	F
Claúdio	M
Camilia	F
Cláudio	M
Camilla	F
Claudison	M
Camille	F
Clayton	M
Candice	F
Cleber	M
Cândida	F
Cléber	M
Candy	F
Cledilson	M
Caoilinn	F
Cleidilson	M
Capucine	F
Cleiton	M
Cáren	F
Clemente	M
Carina	F
Clesio	M
Carine	F
Clever	M
Carisa	F
Colin	M
Carla	F
Connor	M
Carlene	F
Constantin	M
Carlize	F
Constantino	M
Carlos	F
Cooper	M
Carlota	F
Cosmin	M
Carlotta	F
Crispim	M
Carmel	F
Cristhian	M
Carmen	F
Cristian	M
Cármen	F
Cristianno	M
Carmina	F
Cristiano	M
Cármina	F
Cristofe	M
Carminda	F
Cristopher	M
Carminho	F
Cristovão	M
Carmo	F
Cristóvão	M
Carol	F
Cruz	M
Carole	F
Curtis	M
Carolina	F
Custódio	M
Caroline	F
Daan	M
Casey	F
Dabs	M
Casimira	F
Dacouen	M
Cassandra	F
Daehan	M
Cassia	F
Dailson	M
Cássia	F
Daivik	M
Cassilda	F
Daiylon	M
Cataleia	F
Daksh	M
Cataleya	F
Dalton	M
Catalina	F
Damanpreet	M
Catalyna	F
Damian	M
Catarina	F
Damião	M
Caterina	F
Damien	M
Cathaleya	F
Damir	M
Catharina	F
Damon	M
Catherine	F
Dan	M
Cathrionna	F
Dani	M
Catia	F
Danial	M
Cátia	F
Danico	M
Catila	F
Daniel	M
Catiliana	F
Danielson	M
Catrina	F
Daniil	M
Cattleya	F
Danil	M
Catyleia	F
Danilo	M
Catyliana	F
Danilson	M
Cauaren	F
Daniyal	M
Cayari	F
Danny	M
Cayetana	F
Dannyel	M
Caylainy	F
Dante	M
Cécile	F
Dany	M
Cecilia	F
Danylo	M
Cecília	F
Daoud	M
Cecylia	F
Dárcio	M
Celeste	F
Dargy	M
Célia	F
Darian	M
Celina	F
Dariel	M
Celine	F
Dario	M
Céline	F
Dário	M
Cellen	F
Dariu	M
Celmira	F
Darius	M
Celtiane	F
Darius-Alexandru	M
Cerasela	F
Darque	M
Cereja	F
Darsh	M
Cesaltina	F
Darsheel	M
Céu	F
Daryan	M
Chanda	F
Daryo	M
Chanel	F
Dave	M
Chanell	F
Davi	M
Chantal	F
Daví	M
Chantel	F
Dávi	M
Chantell	F
David	M
Charlene	F
David-Alexandru	M
Charlie	F
Davide	M
Charlize	F
Davids	M
Charlotte	F
Davidson	M
Cheila	F
Davih	M
Cheilly	F
Davron	M
Chelsea	F
Davy	M
Chelsy	F
Dawani	M
Chen	F
Dawid	M
Cheng	F
Dawith	M
Cheok	F
Dawood	M
Cheslsy	F
Dawoud	M
Chevelle	F
Daxs	M
Chi	F
Dayan	M
Chiara	F
Dayel	M
Chimalavera	F
Daylan	M
Chin	F
Daylon	M
Chisom	F
Daymien	M
Chloe	F
Daymonds	M
Chloé	F
Dayvan	M
Chloë	F
Dean	M
Chlöe	F
Declan	M
Chreshta	F
Deep	M
Chrisângella	F
Deive	M
Christa	F
Deivid	M
Christiane	F
Deiwilson	M
Christianna	F
Delcio	M
Christianne	F
Délcio	M
Christiany	F
Delfim	M
Christina	F
Délio	M
Christine	F
Delmar	M
Ciana	F
Delme	M
Ciara	F
Delmiro	M
Ciàra	F
Delvino	M
Cibele	F
Dembo	M
Cibelle	F
Dembó	M
Cidália	F
Demetre	M
Ciline	F
Denil	M
Ciliza	F
Denilson	M
Cinara	F
Denílson	M
Cínara	F
Denilton	M
Cindy	F
Denis	M
Cinthia	F
Dénis	M
Cinthya	F
Dênis	M
Cíntia	F
Denish	M
Cintra	F
Dénix	M
Cintya	F
Dennis	M
Cirila	F
Dennys	M
Citlali	F
Dénnys	M
Claire	F
Denylson	M
Clara	F
Denys	M
CLara	F
Denzel	M
Clare	F
Deocliciano	M
Clarice	F
Deolindo	M
Clarina	F
Dércio	M
Clarinha	F
Derek	M
Clarissa	F
Derick	M
Clarisse	F
Dérick	M
Claudemira	F
Dérickson	M
Claudia	F
Derik	M
Claúdia	F
Deritson	M
Cláudia	F
Deron	M
Claudiana	F
Derrick	M
Claudine	F
Derycson	M
Cleia	F
Destiny	M
Cleide	F
Deurick	M
Cleidiane	F
Dev	M
Cleiliana	F
Deven	M
Clementine	F
Devin	M
Cleo	F
Devon	M
Cléo	F
Devran	M
Cleonice	F
Deyvan	M
Cleopatra	F
Dhairya	M
Cleópatra	F
Dhakir	M
Cloe	F
Dhanish	M
Cloé	F
Dhanraj	M
Cloë	F
Dharmik	M
Clotilde	F
Dhavid	M
Codruta	F
Dheká	M
Conceição	F
Dhevan	M
Concha	F
Dhevin	M
Constança	F
Dhir	M
Constânça	F
Dhravya	M
Constance	F
Dhrishil	M
Constância	F
Dhrumil	M
Constantina	F
Dhrushil	M
Constanza	F
Dhruv	M
Contança	F
Dhruvil	M
Cora	F
Dhven	M
Coraima	F
Dhyaan	M
CoraMae	F
Dhyan	M
Corina	F
Dhyey	M
Corine	F
Diamantino	M
Crécia	F
Dias	M
Cremilda	F
Dibo	M
Crisleidy	F
Didier	M
Crismara	F
Dieggo	M
Crissia	F
Diego	M
Cristal	F
Diégo	M
Cristela	F
Dien	M
Cristele	F
Dierson	M
Cristhieny	F
Dieudonné	M
Cristiana	F
Diinis	M
Cristiane	F
Dikafany	M
Cristielle	F
Dilan	M
Cristina	F
Dileison	M
Crizal	F
Diljot	M
Crizelle	F
Dilker	M
Crystal	F
Dillon	M
Cyara	F
Dilpreet	M
Cynthia	F
Dilraaj	M
Cyntia	F
Dilraj	M
Dadiva	F
Dimas	M
Dádiva	F
Dimitar	M
Dadivania	F
Dimitri	M
Dadivina	F
Dimitrios	M
Daenerys	F
Dimitriy	M
Dafeny	F
Dinarte	M
Dafne	F
Dinis	M
Dafny	F
Diniz	M
Dahira	F
Dinnis	M
Dahlia	F
Dino	M
Daiana	F
Diógenes	M
Daiane	F
Diogo	M
Daiany	F
Diokine	M
Daina	F
Dion	M
Dainy	F
Dione	M
Daisa	F
Dionisio	M
Daisi	F
Dionísio	M
Daisy	F
Dirceu	M
Daivania	F
Dishaant	M
Daizara	F
Dishan	M
Daizy	F
Dishi	M
Dakota	F
Divanny	M
Dalanda	F
Divij	M
Dália	F
Divyash	M
Daliana	F
Diyan	M
Dalila	F
Djaad	M
Dalinda	F
Djamal	M
Dámaris	F
Djames	M
Damarys	F
Django	M
Damiana	F
Djaniny	M
Dana	F
Djanyr	M
Danacan	F
Djassy	M
Dania	F
Djayson	M
Dânia	F
Djaz	M
Daniana	F
Djéidan	M
Daniela	F
Djeisen	M
Daniella	F
Djeison	M
Danielle	F
Djenilson	M
Danielly	F
Djenyson	M
Daniely	F
Djeridane	M
Danien	F
Djessy	M
Danika	F
Djeviny	M
Danya	F
Djeyson	M
Danyele	F
Djeyv	M
Dara	F
Djezzy	M
Daria	F
Djhonathas	M
Dária	F
Djibril	M
Dariana	F
Djinilson	M
Dáriane	F
Djiri	M
Darina	F
Djoel	M
Dariya	F
Djossane	M
Darlynn	F
Djudd	M
Darpana	F
Djuliann	M
Daryna	F
Dmitri	M
Dássia	F
Dmitrii	M
Daviany	F
Dmitro	M
Dayana	F
Dmytro	M
Dayane	F
Domingos	M
Dayanna	F
Dominic	M
Dayanne	F
Dominick	M
Daylin	F
Domínico	M
Daymara	F
Dominik	M
Dayol	F
Dominique	M
Dayra	F
Donovan	M
Dazchelin	F
Dorian	M
Debbora	F
Dorin	M
Debora	F
Douglas	M
Débora	F
Dragos	M
Deborah	F
Drav	M
Déborah	F
Drish	M
Debra	F
Duane	M
Deegbi	F
Duani	M
Deesha	F
Duarte	M
Deise	F
Duarth	M
Deisy	F
Dugério	M
Dejanira	F
Dúlio	M
Delailah	F
Dullin	M
Delia	F
Dumitru	M
Délia	F
Durval	M
Deliandra	F
Dwayne	M
Delilah	F
Dwij	M
Delimara	F
Dylan	M
Delmira	F
Dyllan	M
Dena	F
Ebenezer	M
Denilsa	F
Ebnezer	M
Denisa	F
Ebrima	M
Denise	F
Edan	M
Denitsha	F
Edder	M
Densi	F
Eddie	M
Denysa	F
Eddy	M
Denyse	F
Eden	M
Deolinda	F
Éden	M
Derysa	F
Eder	M
Desidéria	F
Éder	M
Desiree	F
Ederlindo	M
Destiny	F
Ederson	M
Deusa	F
Edgar	M
Deva	F
Edgard	M
Devanshi	F
Edgilson	M
Devisha	F
Edi	M
Devni	F
Édi	M
Deya	F
Edilson	M
Deyse	F
Edimar	M
Dezayre	F
Edir	M
Dhani	F
Edivânio	M
Dhanvi	F
Edjailzen	M
Dhara	F
Edmar	M
Dharmi	F
Edmilson	M
Dharyani	F
Edmund	M
Dhiya	F
Edmundo	M
Dhiyanshi	F
Edner	M
Dhriti	F
Edney	M
Dhruvi	F
Ednilson	M
Dhvity	F
Edoardo	M
Diamantina	F
Édouard	M
Diana	F
Edrick	M
Diane	F
Edsandro	M
Dianna	F
Edson	M
Diany	F
Eduard	M
Diara	F
Eduardo	M
Dídia	F
Eduvik	M
Didiana	F
Edvaldo	M
Dilara	F
Edward	M
Dilca	F
Edwin	M
Diliana	F
Edymar	M
Dilma	F
Edynilson	M
Dilreet	F
Efraim	M
Dilsa	F
Egas	M
Dimana	F
Egídio	M
Dina	F
Egon	M
Dineia	F
Egor	M
Dinora	F
Eidan	M
Diócadun	F
Eiden	M
Diolinda	F
Ekam	M
Dione	F
Ekamjit	M
Diriane	F
Ekamjot	M
Dirsha	F
Ekampreet	M
Disha	F
Eklyn	M
Dishti	F
Éktoras	M
Diva	F
Elbercio	M
Divija	F
Élcio	M
Diya	F
Eldar	M
Diza	F
Elder	M
Djacqueline	F
Eldimir	M
Djalayne	F
Eleutério	M
Djalvin	F
Elgar	M
Djamila	F
Elhadje	M
Djanira	F
Elhdj	M
Djara	F
Eli	M
Djariato	F
Elia	M
Djaymily	F
Eliab	M
Djeisia	F
Eliabe	M
Djenabo	F
Eliah	M
Djenabu	F
Elian	M
Djenabú	F
Eliano	M
Djenifer	F
Elias	M
Djeny	F
Elías	M
Djenyfer	F
Elídio	M
Djestiny	F
Eliedson	M
Djucu	F
Eliel	M
Dolores	F
Elielson	M
Domingas	F
Eliezandro	M
Dominica	F
Eliezer	M
Dominika	F
Eliézer	M
Donatella	F
Elijah	M
Dora	F
Elio	M
Doralice	F
Élio	M
Doriana	F
Elioenai	M
Dóris	F
Eliot	M
Douaa	F
Elisandro	M
Douãa	F
Elisei	M
Dounia	F
Eliseu	M
Drashti	F
Elisiário	M
Dricla	F
Elísio	M
Drisha	F
Eliteh	M
Drishya	F
Eliyah	M
Duana	F
Elizandro	M
Ducelma	F
Elkann	M
Dulce	F
Elliot	M
Dulcineia	F
Elliott	M
Duna	F
Elmaati	M
Dúnia	F
Elmer	M
Dyana	F
Elói	M
Dyanna	F
Eloizio	M
Dyanne	F
Eloy	M
Dylara	F
Elsa	M
Eárine	F
Elsandro	M
Earyne	F
Élsio	M
Ebenézer	F
Elson	M
Ecaterina	F
Élson	M
Edda	F
Elton	M
Edeleny	F
Élton	M
Eden	F
Eluney	M
Ediana	F
Elves	M
Edilene	F
Elvio	M
Edilssa	F
Élvio	M
Edilzy	F
Elvis	M
Edina	F
Elvyn	M
Edine	F
Ely	M
Edineusa	F
Elyan	M
Edite	F
Elyon	M
Edith	F
Emanuel	M
Edlynne	F
Emeka	M
Edmara	F
Emerson	M
Edmaya	F
Emessi	M
Edna	F
Emídio	M
Ednaiza	F
Emile	M
Ednara	F
Emilian	M
Eduarda	F
Emiliano	M
Edzana	F
Emilio	M
Egali	F
Emílio	M
Eiman	F
Emilton	M
Eishal	F
Emmanuel	M
Ekamdeep	F
Emrys	M
Ekaterina	F
Emyr	M
Eknoor	F
Emzon	M
Elaina	F
Endi	M
Elaine	F
Endrick	M
Elainy	F
Endrickson	M
Elaisa	F
Endy	M
Elana	F
Enilson	M
Elany	F
Enio	M
Elayna	F
Énio	M
Elayne	F
Ennzo	M
Elcy	F
Enoque	M
Eléa	F
Enrico	M
Eleana	F
Enrique	M
Eleanor	F
Enzho	M
Electra	F
Enzi	M
Eleine	F
Enzo	M
Elena	F
Enzu	M
Eléna	F
Epandi	M
Eleni	F
Erasmo	M
Eléni	F
Eric	M
Elenna	F
Éric	M
Eleonor	F
Erick	M
Eleonora	F
Érick	M
Eléonore	F
Érico	M
Elettra	F
Ericson	M
Elga	F
Erik	M
Elia	F
Erikson	M
Élia	F
Erilteson	M
Èlia	F
Erivaldo	M
Eliana	F
Ernani	M
Eliane	F
Ernest	M
Elianna	F
Ernesto	M
Elianne	F
Eroany	M
Eliany	F
Eros	M
Eliara	F
Ersílio	M
Élice	F
Erwan	M
Eliciane	F
Ery	M
Elieta	F
Esandjo	M
Eliete	F
Esaú	M
Elikia	F
Esdras	M
Elikya	F
Esmael	M
Elín	F
Esteban	M
Élin	F
Estebane	M
Elina	F
Estefano	M
Eline	F
Estéfano	M
Elines	F
Estevan	M
Elinise	F
Estevão	M
Eliny	F
Estêvão	M
Elioenai	F
Etelvino	M
Elis	F
Ethan	M
Élis	F
Etiandro	M
Elisa	F
Etiene	M
Élisa	F
Étienne	M
Elisabete	F
Etilson	M
Elisabeth	F
Etson	M
Elisama	F
Euclides	M
Elisângela	F
Euclidi	M
Elise	F
Eudes	M
Elisete	F
Eugen	M
Elishka	F
Eugene	M
Elísia	F
Eugénio	M
Elisiane	F
Euger	M
Elissa	F
Eurico	M
Eliza	F
Eusébio	M
Elizabet	F
Euzebio	M
Elizabete	F
Evaldir	M
Elizabeth	F
Evan	M
Elizangila	F
Evandro	M
Elizaveta	F
Evanilson	M
Ella	F
Evann	M
Ellana	F
Evans	M
Elle	F
Evany	M
Ellen	F
Évany	M
Ellena	F
Evgueni	M
Elleonor	F
Evickson	M
Ellia	F
Eviquene	M
Elliane	F
Ewan	M
Ellie	F
Ewerton	M
Ellie-Rosa	F
Exel	M
Elloa	F
Eydan	M
Elly	F
Eyden	M
Ellyn	F
Eyson	M
Elma	F
Eyzer	M
Elmara	F
Ezairon	M
Elmusa	F
Ezaquiel	M
Elnor	F
Ezekiel	M
Eloá	F
Ezequiel	M
Eloah	F
Ezra	M
Elodie	F
Fa	M
Elody	F
Faadil	M
Eloisa	F
Fabian	M
Eloise	F
Fabián	M
Eloïse	F
Fabiano	M
Elona	F
Fabião	M
Elora	F
Fabien	M
Elsa	F
Fabio	M
Elsiane	F
Fábio	M
Eluane	F
Fabrice	M
Elvira	F
Fabricio	M
Elya	F
Fabrício	M
Elyana	F
Fabrizio	M
Elyane	F
Fabrízio	M
Elyanna	F
Fahad	M
Elyanne	F
Fahim	M
Elyne	F
Faiz	M
Elynthia	F
Faizan	M
Elysia	F
Fateh	M
Elzira	F
Faustino	M
Ema	F
Fausto	M
Éma	F
Federico	M
Emaly	F
Feliciano	M
Emannuelly	F
Felipe	M
Emanuela	F
Felisberto	M
Emanuella	F
Felismino	M
Emanuelle	F
Felix	M
Emanuelly	F
Félix	M
Emeli	F
Feliz	M
Emeliah	F
Fenil	M
Emelie	F
Ferdan	M
Emely	F
Fernando	M
Emi	F
Fernão	M
Emie	F
Figo	M
Emilia	F
Fílio	M
Emília	F
Filip	M
Emiliana	F
Filipe	M
Emilie	F
Filipo	M
Emilly	F
Filipp	M
Émilly	F
Filippo	M
Emily	F
Filomeno	M
Émily	F
Finn	M
Emma	F
Firmino	M
Emmanuela	F
Flavio	M
Emmely	F
Flávio	M
Emmy	F
Floriano	M
Emy	F
Flynn	M
Emylle	F
Fodé	M
En	F
Fortunato	M
Enalia	F
Francesco	M
Énia	F
Francis	M
Enily	F
Francisco	M
Eniraide	F
Franciszek	M
Enola	F
François	M
Enora	F
Francy	M
Enya	F
Frank	M
Enzel	F
Franklim	M
Eriana	F
Fred	M
Erica	F
Freddie	M
Érica	F
Freddy	M
Eridana	F
Frederic	M
Erika	F
Frederick	M
Érika	F
Frédérick	M
Erin	F
Frederico	M
Erioluwa	F
Fredy	M
Eriwana	F
Fredyson	M
Ermelinda	F
Frímann	M
Ermy	F
Fynn	M
Eryka	F
Gabrieel	M
Esenia	F
Gabriel	M
Esha	F
Gabrieli	M
Eshaal	F
Gabryel	M
Eshal	F
Gadiel	M
Esita	F
Gael	M
Esmeralda	F
Gaele	M
Esperança	F
Gaell	M
Esperanza	F
Gaio	M
Estefani	F
Galileu	M
Estefania	F
Galo	M
Estefânia	F
Gamaliel	M
Estefany	F
Gando	M
Estéfica	F
Gareth	M
Estela	F
Gary	M
Estelle	F
Gaspar	M
Estephanie	F
Gaspard	M
Ester	F
Gastão	M
Estér	F
Gaurav	M
Esther	F
Gelson	M
Estrela	F
Genrikh	M
Estréla-Marina	F
Gentil	M
Estrella	F
Geoffrey	M
Estrelle	F
George	M
Etsana	F
Georges	M
Euclidiana	F
Georgi	M
Eugenia	F
Georgian	M
Eugénia	F
Georgiy	M
Eukene	F
Geovane	M
Eulália	F
Geovanni	M
Eunice	F
Geovanny	M
Euridce	F
Geovany	M
Eva	F
Geraldo	M
Éva	F
Gerard	M
Evalyn	F
German	M
Evandra	F
Germán	M
Evania	F
Geronimo	M
Evanyce	F
Gerson	M
Evdokia	F
Gérson	M
Evelin	F
Ghabriel	M
Evelina	F
Ghali	M
Eveline	F
Gheorghe	M
Evellyn	F
Gheorghita	M
Evely	F
Giacomo	M
Evelyn	F
Gian	M
Évelyn	F
Giani	M
Evelyne	F
Gianluca	M
Evilly	F
Gianni	M
Evolet	F
Gianny	M
Ewa	F
Gil	M
Excel	F
Gilberto	M
Eyla	F
Gilcélio	M
Eyva	F
Gilchrist	M
Ezel	F
Gilmarc	M
Ezequiela	F
Gilson	M
Ezesandra	F
Gino	M
Ezinne	F
Giorgi	M
Ezly	F
Giovani	M
Ezra	F
Giovanni	M
Faaiza	F
Giovanny	M
Faatima	F
Giovany	M
Faatimah	F
Giuseppe	M
Fábia	F
Gláucio	M
Fabiana	F
Glauco	M
Fabielli	F
Gleb	M
Fábio	F
Glenn	M
Fabíola	F
Goa	M
Fabrícia	F
Godfrey	M
Fabrizia	F
Gonçalo	M
Fabyene	F
Gonzaga	M
Fadia	F
Gonzalo	M
Fahisa	F
Graham	M
Faira	F
Greg	M
Faith	F
Griffin	M
Faiza	F
Grigorii	M
Fajar	F
Grover	M
Fanta	F
Gualter	M
Farah	F
Gui	M
Fareedah	F
Guido	M
Farha	F
Guilherme	M
Farrah	F
Guillaume	M
Fateh	F
Guiller	M
Fatiany	F
Guillermo	M
Fatiha	F
Guramrit	M
Fatima	F
Gurfateh	M
Fátima	F
Gurjap	M
Fatimatou	F
Gurjot	M
Fatima-Zahara	F
Gurman	M
Fatma	F
Gurnak	M
Fatou	F
Gurniwaz	M
Fatoumata	F
Gurnoor	M
Fatu	F
Gursaanjh	M
Fatumata	F
Gursahib	M
Faustina	F
Gurshaan	M
Fedra	F
Gursharan	M
Felicia	F
Gursher	M
Felícia	F
Gursimran	M
Felisberta	F
Gurvanshdeep	M
Fénix	F
Gurwinder	M
Feriel	F
Gustaf	M
Fernanda	F
Gustav	M
Fia	F
Gustavo	M
Filipa	F
Gusttavo	M
Filippa	F
Guto	M
Filomena	F
Guy	M
Filza	F
Gyan	M
Fiona	F
Haamed	M
Fiorella	F
Habacuque	M
Firdaws	F
Hafez	M
Flavia	F
Hagen	M
Flávia	F
Haiden	M
Flor	F
Haider	M
Flora	F
Haile	M
Florbela	F
Hailton	M
Florence	F
Hakeem	M
Florencia	F
Hamidou	M
Florentina	F
Hamilton	M
Florinda	F
Hamza	M
Floy	F
Hamzah	M
Foram	F
Hani	M
Francelina	F
Haniel	M
Francesca	F
Hanish	M
Francine	F
Hansel	M
Francisa	F
Hanza	M
Francisca	F
Hao	M
Frankie	F
Haojie	M
Franziska	F
Hargun	M
Frederica	F
Hargunjit	M
Frida	F
Hari	M
Fylipa	F
Harjot	M
Gabi	F
Harkirat	M
Gabriela	F
Harley	M
Gabriella	F
Harnoor	M
Gabrielle	F
Harold	M
Gabrielly	F
Haron	M
Gabriely	F
Haroun	M
Gael	F
Harper	M
Gaia	F
Harpreet	M
Gaïa	F
Harry	M
Gaitana	F
Harsh	M
Gara	F
Harshil	M
Gavin	F
Hasan	M
Geanina	F
Hashir	M
Geisa	F
Hasmit	M
Geiza	F
Hasnain	M
Gelciline	F
Hassan	M
Gelcyara	F
Hatim	M
Gélsia	F
Hau	M
Gema	F
Hayden	M
Genciane	F
Haydn	M
Genésia	F
Hazael	M
Génesis	F
Haziel	M
Gênesis	F
Heaven	M
Geneza	F
Héber	M
Génises	F
Hebraim	M
Georgeta	F
Hector	M
Geórgia	F
Heer	M
Georgiana	F
Heiden	M
Georgina	F
Heitan	M
Geovana	F
Heitor	M
Geovanna	F
Helão	M
Geralda	F
Helber	M
Gernaísa	F
Helbert	M
Gerulza	F
Helder	M
Giada	F
Hélder	M
Giana	F
Heli	M
Gianna	F
Helian	M
Gianny	F
Hélio	M
Gilda	F
Helione	M
Gilmara	F
Helmer	M
Gilsa	F
Helmo	M
Gina	F
Helmyr	M
Giovana	F
Helton	M
Giovanna	F
Heltrício	M
Girisha	F
Hemery	M
Gisela	F
Hemil	M
Gisele	F
Hemilton	M
Giselle	F
Hénderson	M
Gislane	F
Hendrick	M
Gislene	F
Hendrik	M
Giulia	F
Hendrix	M
Giuliana	F
Henil	M
Glaúcia	F
Henrik	M
Glaucivania	F
Henrique	M
Glenda	F
Henry	M
Gloria	F
Henryk	M
Glória	F
Henzo	M
Goreti	F
Hércio	M
Grabriela	F
Herculano	M
Graça	F
Hércules	M
Grace	F
Herickson	M
Graciana	F
Héritier	M
Graciani	F
Herlander	M
Graciela	F
Herman	M
Graciete	F
Hermano	M
Gracinda	F
Hermenegildo	M
Grazielly	F
Hermès	M
Greer	F
Hermínio	M
Greice	F
Hermus	M
Greicekelly	F
Hernâni	M
Guadalupe	F
Hêrnani	M
Gudusuaina	F
Hernany	M
Guilhermina	F
Hervê	M
Guiomar	F
Hestin	M
Gulmira	F
Het	M
Gurash	F
Hetwik	M
Gurleen	F
Heyden	M
Gurmehek	F
Hianique	M
Gurnajbir	F
Hídio	M
Gurseerat	F
Higor	M
Gursirat	F
Hikaru	M
Gyselle	F
Hilário	M
Haadiya	F
Hilliam	M
Habigail	F
Hilson	M
Hadassa	F
Hinal	M
Hadassah	F
Hiroshi	M
Hadiyah	F
Hitarth	M
Hadiyatou	F
Hoi	M
Hadja	F
Hon	M
Hafsa	F
Hooman	M
Hailie	F
Horácio	M
Haizea	F
Horus	M
Haja	F
Hou	M
Hajar	F
Hridaan	M
Hala	F
Hriday	M
Halana	F
Hridhaan	M
Hália	F
Hristiyin	M
Haliny	F
Hubert	M
Hallyssa	F
Hugo	M
Halyane	F
Humberto	M
Hamda	F
Hunny	M
Hana	F
Hunter	M
Hanayara	F
Husam	M
Handreia	F
Hussain	M
Hang	F
Hussayn	M
Hania	F
Hussnain	M
Haniela	F
Hyadi	M
Haniya	F
Iacob	M
Hániyah	F
Iag	M
Hanna	F
Iago	M
Hannah	F
Iaia	M
Hansika	F
Ian	M
Hapel	F
Ianes	M
Harbin	F
Ianis	M
Hareem	F
Ianys	M
Hargun	F
Iaromir	M
Harjot	F
Iat	M
Harkirat	F
Ibaadali	M
Harleen	F
Ibenekwume	M
Harneet	F
Ibraheem	M
Harnoor	F
Ibrahim	M
Harper	F
Ibrahima	M
Harpritam	F
Ibraima	M
Harseerat	F
Ibrain	M
Harshit	F
Ícaro	M
Harsiddhi	F
Iderson	M
Harsika	F
Idijezi	M
Harvi	F
Idriss	M
Hasana	F
Idrissa	M
Hasmara	F
Iego	M
Hassanatou	F
Iek	M
Hassatou	F
Ifesinachi	M
Havya	F
Ignacio	M
Hawa	F
Ignácio	M
Hawwá	F
Ignaz	M
Haya	F
Igor	M
Hayaa	F
Igory	M
Hayat	F
Ikaro	M
Hayla	F
Iker	M
Hayley	F
Ilai	M
Hazel	F
Ilan	M
Haziela	F
Ilário	M
Hebe	F
Ildebrando	M
Hedviges	F
Ildfreed	M
Heer	F
Ildo	M
Hei	F
Ilia	M
Heidi	F
Ilian	M
Heidy	F
Ilias	M
Heidynazia	F
Ilídio	M
Helaine	F
Ilie	M
Helayne	F
Illia	M
Hélcia	F
Ilyan	M
Helciany	F
Ilyas	M
Helda	F
Ilyes	M
Helen	F
Imani	M
Helena	F
Imran	M
Helena-Edi	F
Inácio	M
Helene	F
Infante	M
Helga	F
Ino	M
Hélia	F
Inocêncio	M
Heliamar	F
Io	M
Heliana	F
Ioan	M
Hélida	F
Ioane	M
Hellen	F
Ioann	M
Hellena	F
Ioannis	M
Hellieva	F
Ioi	M
Helloisa	F
Ion	M
Heloisa	F
Ionut	M
Heloísa	F
Ioshua	M
Heluísa	F
Iqyan	M
Helyara	F
Iran	M
Hendra	F
Irineu	M
Henedina	F
Iristian	M
Heni	F
Isaac	M
Henriette	F
Isaak	M
Henriqueta	F
Isac	M
Hester	F
Isack	M
Hetika	F
Isael	M
Hetvansi	F
Isaí	M
Hiba	F
Isaías	M
Hibah	F
Isak	M
Hibba	F
Isandro	M
Hijab	F
Isany	M
Hilária	F
Isaque	M
Hilda	F
Ishaan	M
Hinal	F
Ishak	M
Hinali	F
Ishan	M
Hinata	F
Ishaq	M
Hiral	F
Isidro	M
Hiranshi	F
Ismael	M
Hiranya	F
Ismail	M
Hitakshi	F
Ismar	M
Hitisha	F
Israar	M
Hiya	F
Israel	M
Hoi	F
Issa	M
Holi	F
Issoumahilla	M
Holly	F
Iter	M
Honey	F
Itiel	M
Hoorain	F
Iulian	M
Hope	F
Iunussa	M
Hortênsia	F
Iuri	M
Hosanna	F
Iúri	M
Hossana	F
Ivaan	M
Houssainatou	F
Ivan	M
Huda	F
Ivandro	M
Hulematu	F
Ivane	M
Humaira	F
Ivanildo	M
Hunaina	F
Ivanilson	M
Hunerpreet	F
Ivánn	M
Hyndia	F
Íven	M
Hyrina	F
Iverson	M
Iamara	F
Ivo	M
Ian	F
Iyad	M
Iana	F
Iyari	M
Ianna	F
Izak	M
Ianny	F
Jabir	M
Iao	F
Jace	M
Iara	F
Jacinto	M
Iarah	F
Jack	M
Iaraslava	F
Jackilson	M
Iasmin	F
Jackson	M
Iasmina	F
Jacó	M
Iat	F
Jacob	M
Ibadat	F
Jacques	M
Idaira	F
Jad	M
Idalete	F
Jaden	M
Idália	F
Jadiel	M
Idalina	F
Jadir	M
Idaline	F
Jaelson	M
Idíane	F
Jahmeson	M
Idiatou	F
Jai	M
Idjatu	F
Jaiden	M
Ifeoma	F
Jailson	M
Ilana	F
Jaime	M
Ilara	F
Jainil	M
Ilda	F
Jair	M
Ileana	F
Jairaj	M
Ilektra	F
Jairo	M
Ilhaam	F
Jairson	M
Iliana	F
Jake	M
Iliane	F
Jakson	M
Ilinca	F
Jamal	M
Ilithyia	F
James	M
Ilizany	F
Jamie	M
Ilka	F
Jamil	M
Illyana	F
Jamim	M
Ilona	F
Jamiro	M
Ilsa	F
Jan	M
Ilyana	F
Janai	M
Ima	F
Jandem	M
Imaan	F
Janilson	M
Imara	F
Januário	M
Ina	F
Janus	M
Inaara	F
Japjeet	M
Inaaya	F
Japnoor	M
Inái	F
Japtej	M
Inaia	F
Jaque	M
Inajé	F
Jardel	M
Inara	F
Jarede	M
Inass	F
Jarir	M
Inaya	F
Jarod	M
India	F
Jasdeep	M
Índia	F
Jaskarn	M
Indira	F
Jasmim	M
Indya	F
Jasnur	M
Ines	F
Jason	M
Inés	F
Jaspinder	M
Inès	F
Jasraj	M
Inês	F
Jassjot	M
Inga	F
Jaume	M
Ingrid	F
Javier	M
Íngride	F
Javokhir	M
Inia	F
Jawad	M
Inna	F
Jaxon	M
Ioana	F
Jay	M
Ioanna	F
Jayden	M
Iok	F
Jayene	M
Iolanda	F
Jaylson	M
Ionara	F
Jaynik	M
Ionela	F
Jayr	M
Iqra	F
Jayson	M
Iracema	F
Jayssan	M
Irada	F
Jazz	M
Iraê	F
Jean	M
Irene	F
Jedd	M
Irha	F
Jeet	M
Iria	F
Jeferson	M
Iriana	F
Jefferson	M
Irina	F
Jeffrey	M
Iris	F
Jefter	M
Irís	F
Jeison	M
Íris	F
Jekssimil	M
íris	F
Jelany	M
Ìris	F
Jelson	M
Irley	F
Jemy	M
Iryna	F
Jenil	M
Isa	F
Jeovane	M
Isabel	F
Jerciley	M
Isabela	F
Jeremias	M
Isabele	F
Jeremie	M
Isabelina	F
Jeremy	M
Isabella	F
Jérémy	M
Isabelle	F
Jerónimo	M
Isabelli	F
Jerson	M
Isabelly	F
Jerykson	M
Isabely	F
Jesse	M
Isadora	F
Jessé	M
Isamara	F
Jessimar	M
Isatou	F
Jester	M
Isaura	F
Jesualdo	M
Ishani	F
Jesus	M
Ishika	F
Jesús	M
Ishtmeet	F
Jevan	M
Isilda	F
Jewilson	M
Isis	F
Jeydan	M
Isís	F
Jeyson	M
Ísis	F
Jheidane	M
Isla	F
Jhonatann	M
Ismaela	F
Jhonathan	M
Ismália	F
Ji	M
Ismara	F
Jialin	M
Ismeria	F
Jiaming	M
Isoke	F
Jiany	M
Isra	F
Jimmy	M
Israa	F
Jindveer	M
Itamara	F
Jinkel	M
Itiane	F
Jivreet	M
Itzayana	F
Jiyaan	M
Itzel	F
Jó	M
Iva	F
Joabe	M
Ivaldira	F
Joachim	M
Ivana	F
Joan	M
Ivandra	F
João	M
Ivânia	F
Joaquim	M
Ivanise	F
Joaquin	M
Ivanka	F
Joaquín	M
Ivanna	F
Joás	M
Ivanne	F
Joaz	M
Ivete	F
Joe	M
Ivie	F
Joel	M
Ivone	F
Joelson	M
Ivory	F
Jofre	M
Ivy	F
Johan	M
Izabel	F
Johandry	M
Izabela	F
Johen	M
Izabella	F
John	M
Izadora	F
Johnny	M
Izaine	F
Johnson	M
Izidora	F
Johnston	M
Jaciara	F
Johny	M
Jacinta	F
Joio	M
Jacira	F
Jolan	M
Jackline	F
Joliam	M
Jacqueline	F
Jon	M
Jacyara	F
Jonah	M
Jacymiilly	F
Jonan	M
Jada	F
Jonas	M
Jaddy	F
Jonata	M
Jade	F
Jonatã	M
Jade-Noémi	F
Jonatão	M
Jady	F
Jonatas	M
Jael	F
Jónatas	M
Jaiane	F
Jonatha	M
Jaidee	F
Jonathan	M
Jailma	F
Jonathane	M
Jailsa	F
Jonathas	M
Jaine	F
Jonhas	M
Jainisha	F
Jóni	M
Jalica	F
Jonny	M
Jalny	F
Jorcel	M
Jamilly	F
Jordan	M
Jamily	F
Jordano	M
Jana	F
Jordi	M
Janaina	F
Jorge	M
Janaína	F
Jorgerichie	M
Janajane	F
José	M
Jandira	F
Joseberto	M
Jandria	F
Josefhi	M
Jane	F
Josemar	M
Jane-Grace	F
Joseph	M
Janejana	F
Josh	M
Janelle	F
Joshua	M
Janete	F
Josias	M
Jani	F
Josiel	M
Janice	F
Josimar	M
Janilza	F
Josino	M
Janina	F
Joston	M
Janine	F
Josué	M
Janira	F
Joubert	M
Janircia	F
Jovani	M
Janisis	F
Jovany	M
Janna	F
Joviano	M
Jannah	F
Joy	M
Jannat	F
Joyalpreet	M
Jannatpreet	F
Joywin	M
Jannatul	F
Juan	M
Janne	F
Jucilino	M
Japjot	F
Jude	M
Japleen	F
Júdice	M
Jaqueline	F
Juel	M
Jaqui	F
Juelson	M
Járcia	F
Jules	M
Jashandeep	F
Julian	M
Jasira	F
Julián	M
Jaskirat	F
Júlian	M
Jasleen	F
Juliann	M
Jaslyn	F
Juliano	M
Jasmeen	F
Julião	M
Jasmeet	F
Julien	M
Jasmim	F
Julio	M
Jasmin	F
Júlio	M
Jasmina	F
Jun	M
Jasmine	F
Junaid	M
Jasnoor	F
Junayed	M
Jassira	F
Júnio	M
Jaya	F
Junior	M
Jayara	F
Júnior	M
Jaycee	F
Junior-Hervé	M
Jayde	F
Juno	M
Jaydin	F
Junxi	M
Jaylee	F
Junxin	M
Jazmin	F
Justin	M
Jazzmine	F
Justino	M
Jeana	F
Justo	M
Jeanete	F
Juvenal	M
Jeanine	F
Jyanio	M
Jeanne	F
Ka	M
Jeany	F
Kabir	M
Jeckliny	F
Kael	M
Jeidy	F
Kahel	M
Jeisiane	F
Kahil	M
Jemima	F
Kahine	M
Jéni	F
Kai	M
Jenifer	F
Kaiden	M
Jénifer	F
Kaidó	M
Jeniffer	F
Kailan	M
Jennifer	F
Kailon	M
Jenny	F
Kaio	M
Jennyfer	F
Kaique	M
Jeny	F
Kaïs	M
Jeovania	F
Kaiser	M
Jerónima	F
Kaleb	M
Jerusa	F
Kalebe	M
Jessana	F
Kaleny	M
Jessiane	F
Kalile	M
Jessica	F
Kamil	M
Jéssica	F
Kane	M
Jessie	F
Kanish	M
Jessy	F
kanye	M
Jessyca	F
Karamjot	M
Jéssyca	F
Karan	M
Jewel	F
Karanphich	M
Jeysse	F
Kareem	M
Jezabel	F
Karlo	M
Jhennifer	F
Karsten	M
Jhulli	F
Kartavya	M
Jia	F
Kaspar	M
Jigisha	F
Kauã	M
Jihane	F
Kauai	M
Jil	F
Kauan	M
Jilsiany	F
Kaven	M
Jinal	F
Kawame	M
Jing	F
Kawaren	M
Jiya	F
Kay	M
Joadmila	F
Kayck	M
Joalete	F
Kaydan	M
Joana	F
Kayden	M
Joaninha	F
Kaydon	M
Joanna	F
Kayene	M
Joaquim	F
Kayke	M
Joaquina	F
Kayle	M
Joceane	F
Kaylen	M
Joceline	F
Kayo	M
Jocelyn	F
Kayron	M
Jocyana	F
Kayser	M
Jocyara	F
Kayson	M
Jodelsia	F
Kayu	M
Joelly	F
Kayvan	M
Joelma	F
Kazuki	M
Johaina	F
Keanu	M
Johanna	F
Keany	M
Johanna-Sophie	F
Keicy	M
Joi	F
Keid	M
Joice	F
Keidan	M
Joicimara	F
Keison	M
Joicy	F
Keiyan	M
Jomila-Lucía	F
Kejan	M
Jonyfer	F
Kelby	M
Joquebede	F
Kelcio	M
Joraide	F
Kelian	M
Jordana	F
Kellen	M
Jordanna	F
Kellvin	M
Josana	F
Kellyson	M
José	F
Kelson	M
Joseandra	F
Kelton	M
Joseane	F
kelton	M
Joseanne	F
Kelve	M
Josefa	F
Kelvim	M
Josefina	F
Kelvin	M
Josélia	F
kelvin	M
Joselina	F
Kelvio	M
Josemara	F
Kelvy	M
Josiana	F
Kelvyn	M
Josiane	F
Kélyan	M
Josianne	F
Kemer	M
Josiany	F
Ken	M
Josy	F
Kenay	M
Joti	F
Kenderson	M
Jovana	F
Kendji	M
Joya	F
Kendjy	M
Joyce	F
Kendrick	M
Joyciane	F
Kendro	M
Jozefina	F
Kendy	M
Juanita	F
Kendzo	M
Juceila	F
Kener	M
Jucelene	F
Kenesh	M
Jucemara	F
Keng	M
Judite	F
Kenik	M
Juisney	F
Kennedy	M
Juli	F
Kenneth	M
Julia	F
Kenny	M
Júlia	F
Kenshin	M
Juliana	F
Kenye	M
Julianna	F
Kenzi	M
Juliany	F
Kenzo	M
Julie	F
Kenzy	M
Juliê	F
Kérian	M
Julieta	F
Késmen	M
Julieth	F
Keval	M
Juliette	F
Kevan	M
Juline	F
Kévan	M
Julinha	F
Kevem	M
Jullia	F
Keven	M
Jullyana	F
Kevil	M
Jumina	F
Kevim	M
June	F
Kévim	M
Júnia	F
kévim	M
Juno	F
Kevin	M
Jusilene	F
kevin	M
Jussara	F
Kévin	M
Justa	F
Kevindeep	M
Justýna	F
Kevyn	M
Juweyriyah	F
Keyan	M
Jysea	F
Keyden	M
Ka	F
Keyllen	M
Kadiatou	F
Keylor	M
Kadidjatou	F
Keyson	M
Kadija	F
Keyur	M
Kadijah	F
Keyush	M
Kaela	F
Khadime	M
Kaelynn	F
Khael	M
Kai	F
Khaleed	M
Kailane	F
Khaleefah	M
Kailani	F
Khalid	M
Kailanny	F
Khalifa	M
Kailany	F
Khauã	M
Kaily	F
Khélio	M
Kaira	F
Khristopher	M
Kairos	F
Khristyan	M
Kaitlyn	F
Kiame	M
Kajatou	F
Kiamy	M
Kalissy	F
Kian	M
Kalyani	F
Kiane	M
Kamila	F
Kiany	M
Kámilah	F
Kiare	M
Kamile	F
Kiari	M
Kamilla	F
Kiaro	M
Kamilly	F
Kiary	M
Kámya	F
Kiell	M
Kanika	F
Kienda	M
Kaniksha	F
Kiesse	M
Kanisha	F
Kiezi	M
Kanizfatema	F
Kifáni	M
Kareen	F
Kiko	M
Kareena	F
Kilian	M
Karen	F
Kiluange	M
Karima	F
Kimany	M
Karime	F
Kimon	M
Karin	F
Kinan	M
Karina	F
Kion	M
Karine	F
Kirian	M
Karinna	F
Kiril	M
Karisa	F
Kirill	M
Karmjot	F
Kirtan	M
Karol	F
Kissamá	M
Karolina	F
Kiven	M
Karoline	F
Kiyaan	M
Karoliny	F
Kiyan	M
Karolyna	F
Kizua	M
Karynne	F
Klaus	M
Kashfiya	F
Kleber	M
Kashmala	F
Kléber	M
Kassia	F
Kledilson	M
Kássia	F
Kleiton	M
Kassie	F
Kleydilson	M
Kassimara	F
Kleydy	M
Kássya	F
Kleyton	M
Kâssya	F
Klinsmann	M
Kataleya	F
Klismman	M
Katalleya	F
Kobe	M
Katalya	F
Konstantin	M
Katarina	F
Kostyantyn	M
Kate	F
Kripal	M
Katelynn	F
Kris	M
Katerin	F
Krish	M
Katerina	F
Krishang	M
Katharina	F
Krishiv	M
Katherine	F
Kristen	M
Kathleen	F
Kristian	M
Kathrine	F
Kristis	M
Kathryn	F
Kristopher	M
Kathya	F
Kritan	M
Katia	F
Kunal	M
Kátia	F
Kunchok	M
Katie	F
Kush	M
Katlin	F
Kwame	M
Katrin	F
Kweli	M
Kattleya	F
Kwenda	M
Katty	F
Kyami	M
Kauana	F
Kyan	M
Kausar	F
Kyandro	M
Kavya	F
Kyari	M
Kawiny	F
Kydyane	M
Kaya	F
Kylain	M
Kayani	F
Kylar	M
Kayannie	F
Kyle	M
Kayara	F
Kylian	M
Kayla	F
Kyllen	M
Kaylane	F
Kymani	M
Kaylee	F
Kyrian	M
Kayleen	F
Lael	M
Kayleigh	F
Laércio	M
Kaylen	F
Laerson	M
Kaylie	F
Lain-Antonio	M
Kaylin	F
Lamarana	M
Kaylla	F
Lander	M
Kayna	F
Lap	M
Kayra	F
Lapo	M
Kayssa	F
Larik	M
Kédiany	F
Lassana	M
Keiko	F
Laudinei	M
Keila	F
Laurenço	M
Keilane	F
Laurent	M
Keilany	F
Laurentino	M
Keilly	F
Laurentiu	M
Keimilly	F
Laurindo	M
Keira	F
Lauro	M
Keissim	F
Lawrence	M
Keissy	F
Layron	M
Keity	F
Lázaro	M
Kelen	F
Lazarus	M
Kélia	F
Leando	M
Keliane	F
Léandre	M
Kellen	F
Leandro	M
Kelly	F
Léandro	M
kelly	F
Lebron	M
KellY	F
Léccio	M
Kellya	F
Lechen	M
Kellyane	F
Lécio	M
Kellyn	F
Ledilson	M
Kellyne	F
Ledinilson	M
Kelmy	F
Lee	M
Kelshia	F
Lého	M
Kélsia	F
Leidson	M
Kelsie	F
Lemuel	M
Kelsy	F
Len	M
Kely	F
Lenilson	M
Kélya	F
Lenin	M
Këlya	F
Lenine	M
Kemilly	F
Lénio	M
Kemily	F
Lenny	M
Kendall	F
Leny	M
Kendra	F
Leo	M
Kênia	F
Léo	M
Kentia	F
Leodvaldo	M
Kenya	F
Leon	M
Kenza	F
Léon	M
Kenzi	F
Leonard	M
Kenzie	F
Léonard	M
Kéren	F
Leonardo	M
Kérinha	F
Leonel	M
Késia	F
Leonid	M
Kessia	F
Leónidas	M
Késsia	F
Leonídio	M
Kessyah	F
Leonildo	M
Kethellen	F
Leontie	M
Ketleliny	F
Léontino	M
Ketley	F
Léo-Paul	M
Kevna	F
Leopold	M
Keya	F
Leopoldo	M
Keyanna	F
Lesane	M
Keyla	F
Lésio	M
Keyliane	F
Letian	M
Keylla	F
Lev	M
Keyna	F
Levi	M
Keynara	F
Leví	M
Kezia	F
Levine	M
Keziah	F
Levy	M
Khadidiato	F
Lewis	M
Khadidiatou	F
Leydilson	M
Khadija	F
Lhyam	M
Khaila	F
Lia	M
Khaleesi	F
Liam	M
Khalisa	F
Lian	M
Kharen	F
Liandro	M
Khatija	F
Liano	M
Khatijah	F
Libânio	M
Khayla	F
Liberato	M
Khaymara	F
Licínio	M
Kherunissa	F
Lídio	M
Kheylla	F
Liedson	M
Khiara	F
Lielson	M
Khiiara	F
Lijoy	M
Khizra	F
Lil	M
Khloe	F
Lincoln	M
Khloé	F
Lino	M
Khushi	F
Lionel	M
Khushman	F
Liri	M
Khushpreet	F
Lisandro	M
Khusi	F
Lisandru	M
Khyara	F
Lissandro	M
Kiami	F
Lisuarte	M
Kiamy	F
Litana	M
Kianna	F
Lívio	M
Kiany	F
Liviu	M
Kiara	F
Liwilson	M
kiara	F
Lizandro	M
Kidiana	F
Loan	M
Kielle	F
Lobo	M
Kiendra	F
Logan	M
Kiesse	F
Lohan	M
Kieza	F
Loïc	M
Kihara	F
Lok	M
Kiláry	F
Lopo	M
Kimberley	F
Lorenz	M
Kimberly	F
Lorenzo	M
Kimora	F
Lorenzó	M
Kinia	F
Lorenzzo	M
Kira	F
Lorien	M
Kishani	F
Louan	M
Kissia	F
Louca	M
Kiuma	F
Loucas	M
Klara	F
Louis	M
Klaudia	F
Lourenço	M
Kleio	F
Lourenzo	M
Klementyna	F
Lovish	M
Kléo	F
Luaan	M
Klery	F
Luai	M
Komal	F
Luan	M
Kripa	F
Lúan	M
Krisha	F
Luath	M
Krishna	F
Luati	M
Krishti	F
Luaty	M
Krisma	F
Luca	M
Kristal	F
Lucah	M
Kristelle	F
Lucas	M
Kristi	F
Lucca	M
Kristina	F
Luccas	M
Krittika	F
Lucian	M
Krushangi	F
Lucianno	M
Krutgna	F
Luciano	M
Krystal	F
Luciel	M
Kulthum	F
Lucien	M
Kyana	F
Lucio	M
Kyanna	F
Lúcio	M
Kyanni	F
Luckas	M
Kyara	F
Ludgero	M
kyara	F
Ludovico	M
Kyarah	F
Lui	M
Kyesse	F
Luigi	M
Kygia	F
Luis	M
Kyla	F
Luís	M
Kylie	F
Luisandro	M
Kynara	F
Luiz	M
Kyomara	F
Luizandro	M
Lace	F
Luizinho	M
Lacey	F
Luka	M
Laércia	F
Lukas	M
Laeticia	F
Lukás	M
Laetitia	F
Luke	M
Laëtitia	F
Lukeni	M
Laia	F
Lukenny	M
Laibah	F
Lukeny	M
Laidija	F
Lukian	M
Laila	F
Luqman	M
Laïlana	F
Lussemo	M
Laima	F
Lutiero	M
Laine	F
Luviano	M
Lais	F
Lwane	M
Laís	F
Lwazi	M
Laisa	F
Lyam	M
Laissa	F
Lyan	M
Laíssa	F
Lyandro	M
Laiyanne	F
Lyann	M
Laíz	F
Lyon	M
Laizi	F
Lyrics	M
Lakisha	F
Lyssandro	M
Lakshmi	F
Lyubomyr	M
Laksmi	F
Maahin	M
Laly	F
Maaz	M
Lamisa	F
Macar	M
Lana	F
Macbeth	M
Lanica	F
Maceo	M
Lânica	F
Maciel	M
Lanna	F
Madani	M
Lannah	F
Maddox	M
Lara	F
Madjer	M
Larayumi	F
Mads	M
Lariana	F
Madu	M
Lariane	F
Mael	M
Larisa	F
Maërik	M
Larissa	F
Maezie	M
Láriza	F
Magno	M
Larysa	F
Magnuson	M
Laryssa	F
Mago	M
Lasilis	F
Mahad	M
Lathifa	F
Mahamadou	M
Latifa	F
Mahamat	M
Latifah	F
Maher	M
Lauane	F
Mahib	M
Lauanny	F
Mahir	M
Laura	F
Mahomed	M
Laureana	F
Maicon	M
Laureen	F
Maike	M
Lauren	F
Mair	M
Laurena	F
Mairon	M
Lauréna	F
Maison	M
Laurene	F
Majd	M
Laurent	F
Makar	M
Laurentina	F
Makaylo	M
Lauriana	F
Maksim	M
Laurinda	F
Maksym	M
Lauryane	F
Malachi	M
Lauryn	F
Malam	M
Lavinia	F
Malaquias	M
Lavínia	F
Malav	M
Lavonne	F
Malcolm	M
Lawan	F
Malcom	M
Laya	F
Maldine	M
Layane	F
Malick	M
Layanna	F
Malik	M
Layanne	F
Malvin	M
Layara	F
Mamadou	M
Layena	F
Mamadu	M
Layla	F
Mamadú	M
Layne	F
Mamede	M
Layra	F
Mamudu	M
Laysa	F
Man	M
Laysla	F
Manan	M
Layssa	F
Manasseh	M
Le	F
Manassés	M
Lea	F
Manav	M
Léa	F
Manel	M
Leah	F
Máni	M
Léah	F
Manish	M
Lêan	F
Manjot	M
Leana	F
Mann	M
Léana	F
Mannoor	M
Leandra	F
Manoel	M
Léandra	F
Manraj	M
Leane	F
Manshit	M
Léane	F
Manteg	M
Leanje	F
Mantejpreet	M
Leanna	F
Manthan	M
Léanna	F
Manu	M
Léanor	F
Manuel	M
Lecticia	F
Manveer	M
Lectícia	F
Marbin	M
Leena	F
Marc	M
Leia	F
Marcel	M
Leidivan	F
Márcel	M
Leila	F
Marcelino	M
Leire	F
Marcello	M
Leiza	F
Marcelo	M
Lekbira	F
Marcéu	M
Lemba	F
Marcílio	M
Lena	F
Marcio	M
Léna	F
Márcio	M
Lénia	F
Marco	M
Lenicy	F
Marcos	M
Lenin	F
Marcus	M
Lenise	F
Marian	M
Lenora	F
Mariano	M
Leocádia	F
Marino	M
Leomara	F
Mario	M
Leona	F
Mário	M
Leonara	F
Marius	M
Leone	F
Mariusz	M
Léone	F
Mark	M
Leonela	F
Markel	M
Leonella	F
Markiyan	M
Leónia	F
Marko	M
Léonie	F
Markus	M
Leonilde	F
Marley	M
Leonna	F
Marlon	M
Leonnor	F
Marlos	M
Leonny	F
Marlyn	M
Leonor	F
Marouane	M
Leonôr	F
Marques	M
Léonor	F
Marsel	M
Leonora	F
Marthin	M
Leontina	F
Marthyn	M
Léopoldine	F
Martí	M
Leslie	F
Martiano	M
Lethicia	F
Martim	M
Lethícia	F
Martim-Yanni	M
Lethycia	F
Martin	M
Leticia	F
Martín	M
Letícia	F
Mártin	M
Léticia	F
Martinho	M
Leticya	F
Martino	M
Letielly	F
Martiño	M
Letissia	F
Martins	M
Letizia	F
Martyn	M
Letízia	F
Maruti	M
Levi-Jordan	F
Marvin	M
Lexie	F
Márvin	M
Leya	F
Marvyn	M
Leyane	F
Marwane	M
Leyla	F
Mason	M
Leyna	F
Masroor	M
Lhuzie	F
Mateen	M
Lhya	F
Matei	M
Lia	F
Mateo	M
Lía	F
Matéo	M
Liah	F
Mateus	M
Liana	F
Matheo	M
Liane	F
Mathéo	M
Lianna	F
Matheus	M
Lianne	F
Mathias	M
Lianny	F
Mathieu	M
Lianor	F
Mathis	M
Liany	F
Mathys	M
Liara	F
Matias	M
Libânia	F
Matías	M
Libiane	F
Matibino	M
Lícia	F
Mátio	M
Liciana	F
Matisse	M
Liciane	F
Matísse	M
Licínia	F
Matteo	M
Lidia	F
Mattéo	M
Lídia	F
Mattheo	M
Lidiana	F
Matthew	M
Lidianay	F
Matthias	M
Lidiane	F
Matti	M
Lidiany	F
Mattia	M
Lidija	F
Mattias	M
Lígia	F
Mattis	M
Ligiane	F
Matusalém	M
Lila	F
Matvei	M
Lilia	F
Matvey	M
Lília	F
Matvii	M
Liliam	F
Matviy	M
Lilian	F
Matz	M
Liliana	F
Mauri	M
Liliane	F
Mauricio	M
Lilianna	F
Maurício	M
Lilliana	F
Maurílio	M
Lillie	F
Mauro	M
Lilly	F
Maurycy	M
Lily	F
Mavi	M
Lilya	F
Mawete	M
Lina	F
Max	M
Linda	F
Maxim	M
Lindha	F
Maxime	M
Linjing	F
Maximiano	M
Lionela	F
Maximilen	M
Lipika	F
Maximilian	M
Lira	F
Maximiliano	M
Líria	F
Máximo	M
Lis	F
Maximus	M
Lisa	F
Maxuwell	M
Lisana	F
Maxwell	M
Lisandra	F
Mayank	M
Lisbon	F
Maycon	M
Lissa	F
Maylen	M
Lissandra	F
Maylon	M
Liv	F
Maylson	M
Livia	F
Mayronne	M
Lívia	F
Mayson	M
Livya	F
McKenzie	M
Liya	F
Medhansh	M
Liyaanah	F
Me-Diné	M
Liyana	F
Meer	M
Liz	F
Meet	M
Liza	F
Megh	M
Lizandra	F
Mehaan	M
Lizéa	F
Mehdi	M
Lízi	F
Mel	M
LLyhara	F
Melqui	M
Loana	F
Melquisedec	M
Lohana	F
Melquizedeque	M
Loide	F
Melvin	M
Loíka	F
Mélvin	M
Lok	F
Mendo	M
Lola	F
Meng	M
Lona	F
Meregaly	M
Loredana	F
Meryk	M
Lorena	F
Mesaque	M
Lorenna	F
Messias	M
Lorenza	F
Meyson	M
Loriana	F
Mezut	M
Loriane	F
M'Hammed	M
Lorie	F
Micael	M
Lorine	F
Micaelsun	M
Lorraine	F
Micah	M
Lorrainy	F
Micaias	M
Lorrany	F
Michael	M
Lou	F
Michaiah	M
Louana	F
Michal	M
Louane	F
Michel	M
Louanna	F
Michelangelo	M
Lou-Anna	F
Michell	M
Loucia	F
Michelson	M
Louisa	F
Mickael	M
Louise	F
Mickaël	M
Louíse	F
Miguel	M
Louna	F
MIGUEL	M
Lourdes	F
Miguelangelo	M
Lua	F
Mihai	M
Luana	F
Mihail	M
Luanda	F
Mihir	M
Luane	F
Mikael	M
Luani	F
Mikaele	M
Luanna	F
Mike	M
Luanny	F
Mikel	M
Luany	F
Mikha'	M
Luara	F
Mikhael	M
Lucca	F
Mikhail	M
Lucia	F
Mikheil	M
Lucía	F
Mikul	M
Lúcia	F
Milade	M
Luciana	F
Milan	M
Luciane	F
Mílton	M
Lucie	F
Mindo	M
Luciena	F
Miqueias	M
Luciene	F
Miran	M
Lucile	F
Miré	M
Lucília	F
Miroslav	M
Lucily	F
Misael	M
Lucinda	F
Misaki	M
Lucy	F
Mivaan	M
Lucymar	F
Mizael	M
Ludiana	F
M'ma	M
Ludiany	F
Moayé	M
Ludima	F
Modrich	M
Ludmila	F
Mogli	M
Ludyanne	F
Mohamad	M
Lueji	F
Mohamade	M
Luena	F
Mohamadu	M
Luenna	F
Mohamadú	M
Luiana	F
Mohamed	M
Luicilene	F
Mohammad	M
Luine	F
Mohammadou	M
Luís	F
Mohammed	M
Luisa	F
Mohkamdeep	M
Luísa	F
Moises	M
LUÍSA	F
Moisés	M
Luisie	F
Monik	M
Luiza	F
Montgomery	M
Luíza	F
Monther	M
Luka	F
Moosa	M
Lukénia	F
Mor	M
Lukenya	F
Morgan	M
Lumena	F
Moróni	M
Lumi	F
Morôni	M
Luna	F
Moses	M
Lunah	F
Mouctar	M
Lunara	F
Mouhamadou	M
Luniva	F
Mouhamed	M
Lunna	F
Muamadu	M
Lunnah	F
Muamed	M
Lurdes	F
Mubasshir	M
Lúriah	F
Mueti	M
Luriam	F
Mufaddal	M
Luriane	F
Muhamad	M
Luwejíyane	F
Muhamed	M
Luyana	F
Muhammad	M
Luyane	F
Muhibur	M
Luz	F
Muif	M
Luzia	F
Mujtaba	M
Lweji	F
Mulai	M
Lwena	F
Murilo	M
Lwezzy	F
Murtaza	M
Lya	F
Mussa	M
Lyah	F
Mussá	M
Lyan	F
Mustafa	M
Lyana	F
Mustafá	M
Lyandra	F
Mutaro	M
Lyane	F
Muzammil	M
Lyani	F
Mychel	M
Lyanie	F
Mykael	M
Lyara	F
Mykail	M
Lyaren	F
Mykhael	M
Lyna	F
Mykhail	M
Lynn	F
Mykhailo	M
Lysie	F
Mykyta	M
Lyssa	F
Mylan	M
Lyvia	F
Myron	M
Maahi	F
Myven	M
Maahirah	F
Nabil	M
Maahniya	F
Naby	M
Maaniya	F
Nadir	M
Maanvika	F
Naeem	M
Mabel	F
Nael	M
Mabell	F
Naer	M
Madail	F
Naftali	M
Madalena	F
Najihullah	M
Madalina	F
Naksh	M
Maddalena	F
Naman	M
Maddelyn	F
Nándor	M
Madeleine	F
Nani	M
Madelene	F
Narcélio	M
Madiha	F
Narcizio	M
Maëlie	F
Naril	M
Maëlis	F
Narsil	M
Maelys	F
Nash	M
Maëlys	F
Nasser	M
Maeva	F
Natan	M
Maëva	F
Natanael	M
Mafalda	F
Nataniel	M
Magali	F
Nathan	M
Magalie	F
Nathanael	M
Magda	F
Nathaniel	M
Mágda	F
Nathanyel	M
Magdalena	F
Naulan	M
Maggui	F
Navid	M
Magnólia	F
Navroop	M
Maguette	F
Nawaz	M
Mágui	F
Nayan	M
Mah	F
Nazar	M
Maha	F
Nazário	M
Mahdia	F
Nazariy	M
Mahi	F
Nazir	M
Mahnoor	F
Neal	M
Maia	F
Nectarie	M
Maïa	F
Nedilson	M
Maiara	F
Neel	M
Maida	F
Neemias	M
Maïdo	F
Neer	M
Maila	F
Neev	M
Maimuna	F
Neeydson	M
Maira	F
Nehan	M
Maíra	F
Neidilson	M
Maisa	F
Neil	M
Maísa	F
Neivaldo	M
Maisah	F
Nélio	M
Maisam	F
Nelo	M
Maite	F
Nelson	M
Maitê	F
Nélson	M
Makayla	F
Nelvin	M
Malaika	F
Nemésio	M
Malak	F
Nercio	M
Malena	F
Nerik	M
Mali	F
Nevaan	M
Malia	F
Nevan	M
Malía	F
Nevin	M
Malie	F
Neymar	M
Maliha	F
Nezzar	M
Malika	F
Niansh	M
Malu	F
Niccolo	M
Malú	F
Nichita	M
Mama	F
Nicholas	M
MaMa	F
Nick	M
Mamadou	F
Nickelson	M
Mame	F
Nico	M
Man	F
Nicodemo	M
Manassa	F
Nicodemos	M
Manasvi	F
Nicol	M
Manel	F
Nicola	M
Mankirat	F
Nicolae	M
Manmeet	F
Nicolas	M
Mannatpreet	F
Nicolás	M
Manoela	F
Nícolas	M
Manon	F
Nicolau	M
Manreet	F
Nicolay	M
Mansi	F
Nicollas	M
Manuela	F
Nícollas	M
Manuella	F
Nidhaan	M
Manvi	F
Nidhish	M
Manyata	F
Nídio	M
Maprua	F
Nihal	M
Mara	F
Nik	M
Marah	F
Nikita	M
Marcela	F
Nikitas	M
Marcelina	F
Niklas	M
Marcella	F
Nik-Nikita	M
Marcelle	F
Nikolai	M
Marcia	F
Nikolaj	M
Márcia	F
Nikolas	M
Marciana	F
Nikolay	M
Maré	F
Nikoloz	M
Marflor	F
Nil	M
Margaret	F
Nilan	M
Margarida	F
Nildo	M
Margariga	F
Nilo	M
Margarita	F
Niloy	M
Margaritta	F
Nilroib	M
Margaux	F
Nilson	M
Margherita	F
Nilton	M
Margot	F
Nino	M
Marguerita	F
Niraj	M
Mari	F
Nirmay	M
Maria	F
Nishan	M
María	F
Nísio	M
Mária	F
Nitai	M
Mariah	F
Niv	M
Maria-Luís	F
Nivaan	M
Maria-Luiza	F
Nivaldo	M
Mariam	F
Nizar	M
Mariama	F
Noa	M
Mariamar	F
Noah	M
Mariame	F
Noãh	M
Mariana	F
Noe	M
Mariane	F
Noé	M
Mariangi	F
Noel	M
Marianna	F
Nolan	M
Marianne	F
Noormohammed	M
Maria-Valentina	F
Norberto	M
Maribel	F
Ntimashi	M
Marie	F
Nuelson	M
Mariela	F
Numà	M
Marielle	F
Nuno	M
Marie-Louise	F
Nuri	M
Marieta	F
Nuriel	M
Mariia	F
Obiajulu	M
Marija	F
Oceano	M
Marilda	F
Octavian	M
Marilia	F
Octávio	M
Marília	F
Odin	M
Marilinda	F
Ódin	M
Marilu	F
Odissei	M
Mariluz	F
Oesley	M
Marilza	F
Ofelio	M
Marina	F
Oier	M
Marinela	F
Olávio	M
Marinha	F
Olavo	M
Marion	F
Oleksandr	M
Marisa	F
Oleksii	M
Marisabel	F
Olímpio	M
Marisela	F
Oliver	M
Marisol	F
Óliver	M
Marita	F
Olivier	M
Máriyah	F
Oliwier	M
Mariza	F
Olsen	M
Marjore	F
Oluali	M
Marlayna	F
Om	M
Marle	F
Omar	M
Marlene	F
Omari	M
Marli	F
Omarson	M
Marlice	F
Omboma	M
Marline	F
Omer	M
Marlise	F
Onassis	M
Marlita	F
Onni	M
Marluí	F
Onofre	M
Marta	F
Orest	M
Martha	F
Orestis	M
Martina	F
Oriel	M
Mártina	F
Orin	M
Martinha	F
Orion	M
Maruwa	F
Orlando	M
Marwa	F
Oscar	M
Mary	F
Oscár	M
Marya	F
Óscar	M
Maryah	F
Oseias	M
Maryam	F
Oséias	M
Maryana	F
Osiris	M
Marybel	F
Oskar	M
Marycel	F
Osman	M
Marysol	F
Osmar	M
Mathalda	F
Osni	M
Mathilda	F
Osvaldo	M
Mathilde	F
Otavio	M
Mathylde	F
Otávio	M
Matilda	F
Otchali	M
Matilde	F
Otiano	M
Mauan	F
Otilú	M
Maura	F
Otniel	M
Maureen	F
Otto	M
Maurine	F
Oualid	M
Maxine	F
Oumar	M
May	F
Oussama	M
Maya	F
Owen	M
Mayagi	F
Oziel	M
Mayana	F
Ozodbek	M
Mayara	F
Pablo	M
Mayce	F
Paco	M
Mayla	F
Pagbe	M
Maylee	F
Pak	M
Maylis	F
Panav	M
Mayra	F
Paneet	M
Maysa	F
Pantaleão	M
Mayza	F
Panth	M
Mazea	F
Paolo	M
Medina	F
Papa	M
Meera	F
Papa-Ndiogou	M
Meeryam	F
Pape	M
Megan	F
Papís	M
Meggi	F
Páris	M
Meghan	F
Parmeet	M
Mehakpreet	F
Parth	M
Mehjabeen	F
Pascoal	M
Mehr	F
Patrício	M
Mel	F
Patrick	M
Melania	F
Patrik	M
Melânia	F
Patrizio	M
Melanie	F
Paul	M
Melánie	F
Paul-Alexandre	M
Mélanie	F
Paulo	M
Melaniya	F
Pavel	M
Melannie	F
Pável	M
Melany	F
Pavlo	M
Melanye	F
Pawan	M
Melina	F
Pedro	M
Mélina	F
Pepe	M
Melinda	F
Péri	M
Mélinda	F
Petelson	M
Méline	F
Peter	M
Melinie	F
Peterson	M
Melisa	F
Petr	M
Mélisande	F
Petro	M
Melissa	F
Philipe	M
Mélissa	F
Philipp	M
Mélisse	F
Philippe	M
Mellanie	F
Phillip	M
Mellany	F
Piero	M
Mellanye	F
Pierre	M
Mellissa	F
Pietro	M
Mellyssa	F
Piyush	M
Melodia	F
Platini	M
Mélodie	F
Platon	M
Melody	F
Plínio	M
Melynda	F
Pok	M
Melyssa	F
Policarpo	M
Mélyssa	F
Prabhbir	M
Mercedes	F
Prabhjot	M
Mercês	F
Prakrit	M
Merciane	F
Pranav	M
Meriana	F
Pranay	M
Merícia	F
Pranik	M
Merita	F
Pranil	M
Meritxell	F
Pranish	M
Merydjene	F
Prashanna	M
Meryem	F
Prastav	M
Meyde	F
Pratig	M
Meyra	F
Pratik	M
Mia	F
Pratius	M
Miah	F
Preet	M
Micaela	F
Prem	M
Micaella	F
Premal	M
Mical	F
Presig	M
Michele	F
Prian	M
Micheli	F
Prince	M
Michell	F
Princeton	M
Michelle	F
Prinsh	M
Michelly	F
Prish	M
Mickaela	F
Pritam	M
Mickelly	F
Priyank	M
Miftah	F
Prudêncio	M
Miglena	F
Puranjay	M
Miguela	F
Purav	M
Mihaela	F
Pyetro	M
Mikaela	F
Qasim	M
Mikaëla	F
Qiaoyi	M
Mikaelly	F
Quentin	M
Mikayla	F
Quesana	M
Mila	F
Quévin	M
Milana	F
Quim	M
Milany	F
Quin	M
Mileida	F
Quintino	M
Mileide	F
Rachid	M
Milena	F
Rachido	M
Miléna	F
Radomir	M
Milene	F
Radu	M
Miley	F
Raf	M
Milica	F
Rafa	M
Milinda	F
Rafael	M
Mina	F
Rafaël	M
Minerva	F
Rafael-Constantin	M
Mira	F
Rafaello	M
Miranda	F
Rafaelo	M
Mireia	F
Rafay	M
Mirela	F
Raffaello	M
Mirella	F
Rafhael	M
Mireya	F
Rafique	M
Miria	F
Raheel	M
Miriã	F
Rahid	M
Miriam	F
Rahim	M
Mirian	F
Rai	M
Mirita	F
Raimundo	M
Mirna	F
Rainer	M
Miroslava	F
Raiyan	M
Miruna	F
Raj	M
Miryah	F
Rajbir	M
Miryam	F
Rajvansh	M
Misaela	F
Rajvir	M
Misbah	F
Rakib	M
Misha	F
Ralph	M
Mishal	F
Ramires	M
Misthi	F
Ramiro	M
Mizuki	F
Ramon	M
M'mahawa	F
Ramón	M
Moana	F
Ramsés	M
Momtahana	F
Ramzy	M
Mona	F
Randeep	M
Monica	F
Ranveer	M
Mónica	F
Raphael	M
Monike	F
Raphaël	M
Monroe	F
Raphäel	M
Morena	F
Raphaël-Louis	M
Morgana	F
Rares	M
Mufaro	F
Rassan	M
Mukti	F
Raul	M
Muriel	F
Raúl	M
Muskan	F
Raven	M
Mutiara	F
Ravi	M
Mya	F
Raví	M
Myany	F
Ravidson	M
Mycaella	F
Rayan	M
Myla	F
Rayane	M
Mylena	F
Rayhan	M
Mymouna	F
Rayirth	M
Myra	F
Raylan	M
Myriam	F
Raylson	M
Naara	F
Raymond	M
Nabian	F
Rayyan	M
Nadia	F
Razvan	M
Nádia	F
Râzvan	M
Nadine	F
Reece	M
Nadir	F
Reeve	M
Nadja	F
Regan	M
Nadya	F
Reginaldo	M
Nadyne	F
Rehan	M
Naeema	F
Reinaldo	M
Naèva	F
Reinamor	M
Nafia	F
Remi	M
Nagore	F
Remus	M
Nahary	F
Renan	M
Nahla	F
Renato	M
Nahyma	F
René	M
Naia	F
Renzo	M
Naïa	F
Reuben	M
Naiane	F
Reuel	M
Naiara	F
Reury	M
Naïara	F
Reyan	M
Naíde	F
Reyes	M
Naila	F
Rhuan	M
Naima	F
Rhyan	M
Naíma	F
Riaan	M
Nair	F
Rian	M
Naira	F
Riby	M
Naíra	F
Ricardo	M
Naïra	F
Riccardo	M
Naisa	F
Richad	M
Naísa	F
Richard	M
Naissa	F
Rick	M
Najna	F
Rickson	M
Nalaan	F
Ricky	M
Naleyde	F
Ridham	M
Nalini	F
Rikelme	M
Nami	F
Rikesh	M
Namira	F
Riley	M
Nanci	F
Ringo	M
Nancy	F
Rio	M
Naomi	F
Rion	M
Nara	F
Riquelme	M
Naraiana	F
Riquelmo	M
Nasra	F
Rishabh	M
Natacha	F
Ritalino	M
Natali	F
Ritvik	M
Natalia	F
Rivaldo	M
Natália	F
Rivan	M
Natalie	F
River	M
Natalina	F
Riyaad	M
Natanaela	F
Riyad	M
Nataniela	F
Riyan	M
Natasha	F
Roan	M
Natchala	F
Robert	M
Natércia	F
Roberto	M
Nathalia	F
Robin	M
Nathália	F
Rocco	M
Nathalie	F
Rodan	M
Natshara	F
Rodney	M
Navya	F
Rodolfo	M
Nawail	F
Rodrigo	M
Nawal	F
Roger	M
Nawany	F
Rogério	M
Nayandra	F
Rohan	M
Nayanka	F
Roi	M
Nayanne	F
Rojer	M
Nayara	F
Rolland	M
Nayára	F
Romain	M
Nayarah	F
Romaldo	M
Nayeli	F
Roman	M
Nayla	F
Romão	M
Naylah	F
Romario	M
Nayleen	F
Romário	M
Naylla	F
Romeo	M
Nayma	F
Roméo	M
Nayomi	F
Romérick	M
Nayr	F
Romerio	M
Nayra	F
Romesh	M
Naysa	F
Romeu	M
Naysha	F
Rómulo	M
Naysir	F
Rômulo	M
Nayuca	F
Ronak	M
Nazaré	F
Ronaldo	M
Nazia	F
Ronalld	M
Naziriti	F
Ronan	M
Ndeye	F
Ronelka	M
N'deye	F
Ronilson	M
Neela	F
Ronit	M
Neena	F
Rony	M
Neerzara	F
Rooney	M
Neide	F
Roque	M
Neidi	F
Rosh	M
Neidiane	F
Rosil	M
Neidiany	F
Rossano	M
Neima	F
Roux	M
Neimara	F
Rovy	M
Neise	F
Rowan	M
Neivania	F
Ruan	M
Nel	F
Rubem	M
Nelcy	F
Ruben	M
Neli	F
Rubén	M
Nélia	F
Rúben	M
Nelissa	F
Rubi	M
Nelly	F
Rubim	M
Nellyane	F
Rúbio	M
Nelma	F
Rubis	M
Nelsa	F
Ruby	M
Nelsiany	F
Rudi	M
Nelssy	F
Rúdi	M
Nelsyanne	F
Rüdiger	M
Nely	F
Rudra	M
Nene	F
Rudson	M
Nené	F
Rudy	M
Neomi	F
Rui	M
Nerea	F
Ruidney	M
Nereida	F
Rumi	M
Nerissa	F
Runi	M
Nesilita	F
Ruslan	M
Nessie	F
Russel	M
Nessy	F
Russell	M
Nesta	F
Ruthnney	M
Neusa	F
Ruy	M
Neuse	F
Ryaan	M
Neuza	F
Ryan	M
Nevelly	F
Ryano	M
Névia	F
Rylan	M
Neyanne	F
Rynaldo	M
Neylissa	F
Saad	M
Neyma	F
Sabik	M
Neymara	F
Sabino	M
Ngenda	F
Sacha	M
Nghoite	F
Sadja	M
Ngou	F
Sadman	M
Nhalim	F
Sadou	M
Nhiblo	F
Safwaan	M
Nhima	F
Safwan	M
Ni	F
Safwana	M
Nia	F
Sage	M
Niah	F
Sahib	M
Niara	F
Sahibjeet	M
Nicca	F
Sahibjit	M
Nice	F
Sahibpreet	M
Nícia	F
Saido	M
Nicky	F
Saidou	M
Nicol	F
Saidy	M
Nicole	F
Saifan	M
Nicoleta	F
Saimon	M
Nicolle	F
Saish	M
Nicolly	F
Sajid	M
Nicoly	F
Sales	M
Nidhi	F
Sáli	M
Nidía	F
Salimo	M
Nídia	F
Salomão	M
Nidiana	F
Salvador	M
Nidiane	F
SALVADOR	M
Niéves	F
Salvatore	M
Nihal	F
Salviano	M
Nikita	F
Salvio	M
Nikol	F
Sálvio	M
Nikole	F
Sam	M
Nikolly	F
Samael	M
Nilde	F
Samar	M
Nilmara	F
Samaritano	M
Nilsiane	F
Samba	M
Nilza	F
Sambridha	M
Nimi	F
Sameed	M
Nimilukeyne	F
Sameep	M
Nimisa	F
Sameer	M
Nina	F
Sami	M
Ninara	F
Samik	M
Nirali	F
Samir	M
Nirian	F
Samoa	M
Niriani	F
Samori	M
Nirianí	F
Samson	M
Nirina	F
Samuel	M
Nirvana	F
Sanay	M
Nisa	F
Sancho	M
Nishtha	F
Sândalo	M
Nísia	F
Sandeha	M
Nitya	F
Sandro	M
Niyati	F
Sannan	M
Njinga	F
Sansão	M
Njunda	F
Santhiago	M
Nkula	F
Santiago	M
Noa	F
Santigo	M
Noá	F
Santo	M
Noah	F
Santyago	M
Noecris	F
Sarangvir	M
Noelia	F
Saransh	M
Noélie	F
Sarbin	M
Noéline	F
Sari	M
Noelís	F
Saron	M
Noème	F
Sasha	M
Noemi	F
Satyam	M
Noémi	F
Saúl	M
Noémia	F
Saulo	M
Noémie	F
Saurav	M
Noha	F
Savio	M
Nola	F
Sayden	M
Nomusa	F
Sayeed	M
Noor	F
Saymon	M
Nor	F
Scott	M
Norah	F
Sean	M
Norma	F
Seán	M
Nour	F
Sebasthian	M
Nourane	F
Sebastian	M
Nourelzharaa	F
Sebastián	M
Nourhane	F
Sebastiana	M
Núbia	F
Sebastiano	M
Nubiana	F
Sebastião	M
Nuélia	F
Sebastien	M
Nuna	F
Seco	M
Nur	F
Secundino	M
Nür	F
Selton	M
Nuria	F
Semen	M
Núria	F
Senelju	M
Núrya	F
Seng	M
Nusaiba	F
Senny	M
Nyah	F
Serafim	M
Nyara	F
Sérgio	M
Nyhara	F
Sergiu	M
Nysa	F
Serhiy	M
Nyurka	F
Serigne	M
Nzambi	F
Sesinando	M
N'Zayla	F
Seth	M
Oana	F
Severo	M
Oceana	F
Seydina	M
Oceane	F
Shabbir	M
Océane	F
Shafayat	M
Ociana	F
Shahan	M
Octávia	F
Shamilo	M
Oderlaine	F
Shams	M
Odette	F
Shamyog	M
Ofélia	F
Shan	M
Ohana	F
Shane	M
Ohanna	F
Shawn	M
Oi	F
Shawnik	M
Oksana	F
Shesh	M
Oleksandra	F
Shivakrish	M
Olga	F
Shivam	M
Olimpia	F
Shlok	M
Olinda	F
Shodmonjon	M
Olivia	F
Shohrat	M
Olívia	F
Shrey	M
Oliviana	F
Shreyan	M
Oliwia	F
Shriyan	M
Omara	F
Shrutik	M
Omayra	F
Shubern	M
Omya	F
Shuiang	M
Onalyz	F
Shuraym	M
Or	F
Shyam	M
Orange	F
Shyom	M
Oriana	F
Si	M
Oriane	F
Siandro	M
Orianna	F
Sidak	M
Oriany	F
Siddártha	M
Orlanda	F
Siddh	M
Orlania	F
Siddhártha	M
Orquídea	F
Sidnei	M
Orrel	F
Sidney	M
Oryana	F
Sidónio	M
Osinachi	F
Silan	M
Osíris	F
Silas	M
Ostara	F
Silvestre	M
Otchali	F
Silvio	M
Otelinda	F
Sílvio	M
Otília	F
Simão	M
Otylia	F
Simon	M
Oumaima	F
Sin	M
Oumou	F
Sinaí	M
Palina	F
Siradio	M
Pallavi	F
Siradj	M
Palmira	F
Siraje	M
Paloma	F
Sisley	M
Palomá	F
Sithil	M
Pamela	F
Sixto	M
Pâmella	F
Sky	M
Pandora	F
Skyler	M
Paola	F
Skyllen	M
Paolla	F
Slane	M
Papoila	F
Slayen	M
Parbhjot	F
Slaygan	M
Parbhleen	F
Smaran	M
Paridhi	F
Smit	M
Parineeti	F
Sneijder	M
Parini	F
Soki	M
Paris	F
Solano	M
Parisa	F
Solimar	M
Pariti	F
Son	M
Parleen	F
Songxian	M
Parneet	F
Sónia	M
Patricia	F
Soraia	M
Patrícia	F
Sotero	M
Patrisia	F
Soufiane	M
Paula	F
Souleymane	M
Pauliana	F
Spencer	M
Paulina	F
Stallone	M
Paz	F
Stanislav	M
Peculiar	F
Stanley	M
Pedrina	F
Stefan	M
Pei	F
Stefano	M
Pendasecka	F
Stelvio	M
Penelope	F
Stepan	M
Penélope	F
Stepfan	M
Perla	F
Stephan	M
Pérola	F
Stéphane	M
Perolah	F
Stephanus	M
Persília	F
Stevan	M
Petra	F
Stevany	M
Petrina	F
Steve	M
Pettra	F
Steven	M
Peyton	F
Steviandro	M
Philomène	F
Steyn	M
Pia	F
Sthefan	M
Piedade	F
Subhaan	M
Pietra	F
Sudev	M
Pilar	F
Sukhdeep	M
Pinisha	F
Sukhmeet	M
Pippa	F
Sulaiman	M
Pixie	F
Sulaimane	M
Piya	F
Suleimane	M
Poliana	F
Sulemane	M
Polina	F
Sultan	M
Prableen	F
Summer	M
Prachi	F
Sun	M
Pranavi	F
Surmukh	M
Pranshi	F
Sury	M
Prapti	F
Sven	M
Precious	F
Svetlin	M
Prezia	F
Swami	M
Princess	F
Swayam	M
Princi	F
Swornim	M
Princy	F
Syed	M
Priscianne	F
Syerr	M
Priscienne	F
Sylas	M
Priscila	F
Sylvain	M
Priscilla	F
Syon	M
Prisha	F
Syrus	M
Prishu	F
Taaj	M
Priyal	F
Tadeu	M
Priyana	F
Tadey	M
Priyani	F
Tahiman	M
Priyanka	F
Tahir	M
Priyanshi	F
Taison	M
Priyasha	F
Tajas	M
Prudência	F
Takayoshi	M
Pui	F
Taksheel	M
Pureza	F
Tales	M
Purvi	F
Talha	M
Purvika	F
Talib	M
Pyetra	F
Tallys	M
Qian	F
Tamas	M
Qiana	F
Tamás	M
Qianyu	F
Tammo	M
Qristina	F
Tamsir	M
Quedna	F
Tanish	M
Quélia	F
Tapan	M
Quéren	F
Taras	M
Quésia	F
Tarciso	M
Quessia	F
Tareak	M
Quezia	F
Tarik	M
Quézia	F
Társis	M
Quiana	F
Tatiano	M
Quiara	F
Taydon	M
Quintazinha	F
Taylor	M
Quirina	F
Tayrone	M
Raagidatu	F
Tayson	M
Raaniya	F
Taysson	M
Rabab	F
Tayyab	M
Rabia	F
Tchaly	M
Rachael	F
Tcherno	M
Rachaell	F
Tcherstney	M
Rachel	F
Tej	M
Radassa	F
Tejasvir	M
Radija	F
Telmo	M
Radijah	F
Temitayo	M
Rafa	F
Temofiy	M
Rafaela	F
Teng	M
Rafaella	F
Tenging	M
Rafya	F
Teo	M
Rahel	F
Téo	M
Rahela	F
Teodor	M
Rahima	F
Teodoro	M
Rahma	F
Teófilo	M
Rahyssa	F
Teotónio	M
Raiana	F
Tércio	M
Raiane	F
Terry	M
Raiany	F
Thalis	M
Raiba	F
Thalles	M
Raihanny	F
Thelmo	M
Raima	F
Theo	M
Raina	F
Théo	M
Raisa	F
Theodore	M
Raísa	F
Theodoro	M
Raissa	F
Thiago	M
Raíssa	F
Thiarley	M
Ralyatou	F
Thierno	M
Ramatoulaye	F
Thierry	M
Ramatoullaye	F
Thomas	M
Ramatulai	F
Thomás	M
Ranessa	F
Thomaz	M
Rania	F
Thomáz	M
Ranielly	F
Thor	M
Raniyah	F
Tiago	M
Ranya	F
Tianyu	M
Raphaela	F
Tibério	M
Raphaella	F
Ticiano	M
Raquel	F
Tiego	M
Rauanny	F
Tierri	M
Raul	F
Tierry	M
Raven	F
Tilan	M
Ravneet	F
Tilson	M
Rayana	F
Timeo	M
Rayane	F
Timéo	M
Rayanna	F
Timofei	M
Rayanne	F
Timotei	M
Raycha	F
Timóteo	M
Rayhanatou	F
Timothée	M
Rayla	F
Timur	M
Raylla	F
Tino	M
Rayna	F
Tito	M
Raysa	F
Tobi	M
Rayssa	F
Tobias	M
Razeena	F
Todor	M
Reaganne	F
Tom	M
Reana	F
Tomas	M
Reandra	F
Tomás	M
Rebeca	F
Tómas	M
Rebecca	F
Tomasz	M
Rebeka	F
Tomaz	M
Reece	F
Tomáz	M
Reeva	F
Tome	M
Reezma	F
Tomé	M
Regiany	F
TOMÉ	M
Regina	F
Tommaso	M
Renata	F
Tommy	M
Rey	F
Tongze	M
Reyna	F
Toni	M
Reynelle	F
Tony	M
Rhadassah	F
Tranay	M
Rhaíssa	F
Travis	M
Rhayssa	F
Trevor	M
Rhianna	F
Tristan	M
Rhuana	F
Tristão	M
Rhyanne	F
Triston	M
Riana	F
Trunal	M
Rianne	F
Tse	M
Ricarda	F
Tsvetelin	M
Ricardina	F
Tudor	M
Ricielle	F
Túlio	M
Rickyana	F
Tushaar	M
Rida	F
Tyanne	M
Riham	F
Tyler	M
Rihana	F
Tymofiy	M
Rihanna	F
Tymon	M
Rijula	F
Tyrell	M
Riman	F
Tyrese	M
Rimas	F
Tyron	M
Rinoyshka	F
Ugurcan	M
Rio	F
Uié	M
Rita	F
Uju	M
Ritaj	F
Ulisses	M
Ritha	F
Umang	M
Ritika	F
Umaro	M
Riva	F
Umaru	M
Rivka	F
Unai	M
Riyaa	F
Urias	M
Roana	F
Uriel	M
Roann	F
Uriil	M
Roberta	F
Usaid	M
Rocio	F
Usman	M
Romaisa	F
Usmane	M
Romana	F
Ustym	M
Romina	F
Ut	M
Romy	F
Uxío	M
Ronika	F
Uziel	M
Rosa	F
Vadhvansh	M
Rosália	F
Vadilson	M
Rosalie	F
Vaid	M
Rosalina	F
Valanko	M
Rosalinda	F
Valdemar	M
Rosaline	F
Valdemir	M
Rosamar	F
Valdemiro	M
Rosana	F
Valdir	M
Rosangela	F
Valdo	M
Rosária	F
Valentim	M
Rosarin	F
Valentin	M
Rosarinho	F
Valentino	M
Rosário	F
Valentyn	M
Rose	F
Valério	M
Roseane	F
Valimuhammad	M
Roseanna	F
Valter	M
Roshni	F
Válter	M
Rosiany	F
Vando	M
Rosie	F
Vanilson	M
Rosinda	F
Vânio	M
Rosita	F
Vansh	M
Roslene	F
Vanshdeep	M
Rossana	F
Varun	M
Rossandra	F
Vasco	M
Rouguiatou	F
Vasil	M
Rouguiyata	F
Vasile	M
Roumaysa	F
Vasyl	M
Roxana	F
Vayden	M
Roziane	F
Veaceslav	M
Ruama	F
Ved	M
Rubi	F
Vedant	M
Rúbia	F
Veer	M
Rubina	F
Veid	M
Ruby	F
Velasque	M
Rubyana	F
Venancio	M
Ruby-Rose	F
Veniamin	M
Ruelma	F
Vensami	M
Rugaia	F
Ventsislav	M
Ruhi	F
Ventura	M
Ruhin	F
Veridiano	M
Ruhiyah	F
Viaan	M
Ruíza	F
Vicente	M
Rukaiya	F
Victor	M
Rumanah	F
Víctor	M
Runa	F
Victória	M
Runika	F
Victoriano	M
Rusana	F
Vidal	M
Rushda	F
Vien	M
Rut	F
Vihaan	M
Rute	F
Vikram	M
Ruth	F
Viktor	M
Ruwwi	F
Víktor	M
Ryara	F
Vilen	M
Ryhanna	F
Vili	M
Saalsy	F
Vílmar	M
Sabaahat	F
Vincent	M
Sabina	F
Vincente	M
Sabrina	F
Vincenzo	M
Sabrine	F
Vinicius	M
Sacha	F
Vinícius	M
Sadagi	F
Vinildo	M
Sade	F
Vipesh	M
Sadiya	F
Viren	M
Sádiya	F
Virgile	M
Safaa	F
Virgílio	M
Safae	F
Virgínio	M
Safiatu	F
Viriato	M
Safina	F
Vishwas	M
Safira	F
Vitalie	M
Safiya	F
Vitalino	M
Safiyah	F
Vitaliy	M
Safiye	F
Vitas	M
Saga	F
Vitor	M
Sahara	F
Vítor	M
Sahira	F
vítor	M
Sahíra	F
Vitorino	M
Sahory	F
Vitório	M
Saisha	F
Vittorio	M
Salemata	F
Vivan	M
Salete	F
Vivian	M
Sali	F
Vlad	M
Sáli	F
Vladeslav	M
Saliha	F
Vladimir	M
Salima	F
Vladislav	M
Salimata	F
Vladut	M
Salimatu	F
Vladymyr	M
Salin	F
Vladyslav	M
Sally	F
Vuk	M
Salma	F
Wade	M
Salome	F
Wagner	M
Salomé	F
Wai	M
Saly	F
Waider	M
Sam	F
Waldemar	M
Samaira	F
Walden	M
Samanta	F
Waldir	M
Samantha	F
Walide	M
Samanu	F
Walker	M
Samara	F
Wallace	M
Samarah	F
Wallak's	M
Samaritana	F
Walner	M
Samavia	F
Walter	M
Sâmia	F
Wandy	M
Samily	F
Warren	M
Samira	F
Wasilua	M
Samiya	F
Wasley	M
Samreen	F
Wayamy	M
Samreet	F
Wayiza	M
Samrina	F
Wayne	M
Samyra	F
Wazley	M
Sana	F
Webany	M
Sanaya	F
Wekene	M
Sancha	F
Welder	M
Sandra	F
Wellington	M
Sandrina	F
Wellinton	M
Sandy	F
Wendell	M
Saneia	F
Weng	M
Sangatee	F
Wesley	M
Sania	F
Weslley	M
Saniya	F
Widmilson	M
Sanjida	F
Wil	M
Sanpreet	F
Wildson	M
Sanskriti	F
Wildy	M
Sanvi	F
Wilfred	M
Sánya	F
Wilker	M
Saoudatou	F
Willean	M
Saphira	F
Willem	M
Sara	F
Willi	M
Sarah	F
William	M
Sarai	F
Willian	M
Saran	F
Williandro	M
Saray	F
Willson	M
Sarayma	F
Willyam	M
Sarayu	F
Willyan	M
Sarika	F
Wilmer	M
Sarina	F
Wilon	M
Sarolta	F
Wilquer	M
Sasha	F
Wilson	M
Satam	F
Wilton	M
Savana	F
Wincenty	M
Savannah	F
Witsel	M
Savreen	F
Wivendelson	M
Scarlet	F
Wochay	M
Scarlett	F
Wolf	M
Schayenne	F
Womna	M
Schmaiah	F
Wyatt	M
Seammy	F
Wylliam	M
Seara	F
Wylson	M
Seerat	F
Wyter	M
Seeratjot	F
Xavier	M
Séfora	F
Xénon	M
Sehajleen	F
Xin	M
Sehajpreet	F
Xoel	M
Seima	F
Xujie	M
Selena	F
Yaarnel	M
Selene	F
Yachan	M
Selénia	F
Yacine	M
Selina	F
Yago	M
Selma	F
Yahir	M
Sena	F
Yahya	M
Sendy	F
Yair	M
Seni	F
Yaksh	M
Sénia	F
Yala	M
Seomara	F
Yamani	M
Seong	F
Yamir	M
Sephora	F
Yan	M
Serena	F
Yancho	M
Séréna	F
Yani	M
Sesili	F
Yanick	M
Seynabou	F
Yanis	M
Shabih	F
Yann	M
Shafa	F
Yanne	M
Shaira	F
Yanni	M
Shaíza	F
Yannick	M
Shakila	F
Yannik	M
Shakilla	F
Yannis	M
Shakira	F
Yansh	M
Shana	F
Yarin	M
Shanaya	F
Yaroslav	M
Shania	F
Yash	M
Shanna	F
Yashvir	M
Shannan	F
Yasser	M
Shannaya	F
Yassin	M
Shantel	F
Yassine	M
Shantelle	F
Yassir	M
Shanti	F
Yax	M
Shanzay	F
Yaxkin	M
Shaquira	F
Ycaro	M
Sharam	F
Yehoshua	M
Shareen	F
Yelizar	M
Sharon	F
Yerai	M
Shaskia	F
Yerian	M
Shayanne	F
Yerik	M
Shayenne	F
Ygor	M
Shayla	F
Yide	M
Shayná	F
Ylenzo	M
Shehar	F
Yoami	M
Sheila	F
Yoan	M
Sheinizy	F
Yoann	M
Shekina	F
Yogyadeep	M
Sherley	F
Yohan	M
Sheyla	F
Yohane	M
Shimrik	F
Yóhane	M
Shine	F
Yohann	M
Shirley	F
Yohrán	M
Shivani	F
Yomar	M
Shraddha	F
Yosha	M
Shreeja	F
Younes	M
Shreya	F
Yousef	M
Shridhi	F
Yousouf	M
Shriya	F
Youssef	M
Shun	F
Yousuf	M
Shyla	F
Yowami	M
Si	F
Ysaack	M
Sian	F
Yu	M
Siana	F
Yudi	M
Siara	F
Yueran	M
Sibila	F
Yug	M
Sidakpreet	F
Yulian	M
Siddhi	F
Yuliano	M
Sidhak	F
Yuran	M
Siena	F
Yuri	M
Sienna	F
YURI	M
Sierra	F
Yuri-Martin	M
Silivondela	F
Yury	M
Silke	F
Yussuf	M
Silvana	F
Yusuf	M
Silvéria	F
Yuvaan	M
Silvia	F
Yuval	M
Sílvia	F
Yuvraj	M
Silvie	F
Yuxuan	M
Simara	F
Yvan	M
Simaura	F
Yves	M
Simona	F
Zac	M
Simone	F
Zacaria	M
Simra	F
Zacarias	M
Simran	F
Zachariah	M
Simy	F
Zacharias	M
Sindy	F
Zachary	M
Sintya	F
Zaci	M
Siomara	F
Zackary	M
Sira	F
Zackery	M
Sirelsen	F
Zacky	M
Sisa	F
Zafir	M
Skyeah	F
Zaheer	M
Skylar	F
Zahir	M
Slaveya	F
Zaid	M
Smahir	F
Zaiden	M
Smily	F
Zaido	M
Snezhana	F
Zain	M
Snigdhita	F
Zainy	M
Soainy	F
Zakaria	M
Sofia	F
Zakariya	M
Sofía	F
Zameel	M
Sófia	F
Zander	M
Sofie	F
Zaqueu	M
Sofiia	F
Zaroon	M
Sofiya	F
Zawadi	M
Sofya	F
Zayid	M
Sohany	F
Zayn	M
Sohia	F
Zé	M
Sol	F
Zech	M
Solana	F
Zecharias	M
Solange	F
Zeferino	M
Solayra	F
Zeid	M
Solena	F
Zein	M
Solene	F
Zeke	M
Soline	F
Zelani	M
Solomia	F
Zélio	M
Solomiia	F
Zenir	M
Solomiya	F
Zenith	M
Sonia	F
Zeus	M
Sónia	F
Zhibo	M
Sonilda	F
Zhion	M
Sónya	F
Zidane	M
Sophia	F
Zine	M
Sophie	F
Zion	M
Soraia	F
Zito	M
Soraya	F
Zixin	M
Sory	F
Ziyaan	M
Soshthe	F
Ziyad	M
Soyane	F
Ziyan	M
Stacey	F
Zoé	M
Stacy	F
Zubair	M
Stanislava	F
Zurik	M
Stanislawa	F
Zyad	M
Stefane	F
Zyan	M
Stefani	F
Zylan	M
Stefania	F
Zyon	M
Stefaniia	F
Stefanny	F
Stefany	F
Steffany	F
Stela	F
Stella	F
Stéphane	F
Stephania	F
Stephanie	F
Stéphanie	F
Stephanny	F
Stephany	F
Stéphany	F
Sthéfany	F
Sua	F
Sueli	F
Suéli	F
Suellen	F
Suely	F
Suhana	F
Suhani	F
Sukhmeet	F
Sulamita	F
Sumaia	F
Sumeiyah	F
Summayiah	F
Suncar	F
Sunto	F
Sura	F
Surbani	F
Sureya	F
Suri	F
Suria	F
Súrianey	F
Suriel	F
Sury	F
Surya	F
Suryane	F
Suryanne	F
Suryn	F
Susana	F
Susanna	F
Suse	F
Susete	F
Suvana	F
Suvigya	F
Suzana	F
Suzanne	F
Suzi	F
Suzy	F
Svenya	F
Swana	F
Swazilene	F
Syana	F
Sylvie	F
Syrine	F
Tabata	F
Tabatha	F
Tabita	F
Taciana	F
Tahira	F
Tahmarah	F
Taia	F
Taiana	F
Tainara	F
Taís	F
Taisa	F
Taísa	F
Taisiea	F
Taisiya	F
Taíssa	F
Talia	F
Talina	F
Talita	F
Tâlyana	F
Tamar	F
Tamara	F
Tamára	F
Tamaya	F
Tamina	F
Tamirys	F
Tamora	F
Tânia	F
Tanisha	F
Tannisha	F
Tanok	F
Tanushka	F
Tanushree	F
Tanveen	F
Tanveer	F
Tapasvi	F
Tara	F
Taranpreet	F
Tarsila	F
Tasia	F
Tásia	F
Tatheer	F
Tatiana	F
Tauany	F
Tawila	F
Tayane	F
Tayanne	F
Tayla	F
Tayline	F
Tayná	F
Taynara	F
Tayra	F
Taysha	F
Tayssa	F
Tcheucia	F
Tchissola	F
Tejasvi	F
Telma	F
Tempérance	F
Teodora	F
Tequeban	F
Teresa	F
Teresinha	F
Tereza	F
Terezinha	F
Tesla	F
Tess	F
Tessa	F
Teyana	F
Teysir	F
Thai	F
Thaiany	F
Thaila	F
Thailine	F
Thailize	F
Thainara	F
Thais	F
Thaís	F
Thaissa	F
Thaíssa	F
Thalia	F
Thalita	F
Thalyta	F
Thamara	F
Thamirys	F
Thamyres	F
Thayla	F
Thaynara	F
Thayra	F
Thays	F
Thayssa	F
Thérése	F
Thiara	F
Thyana	F
Thyanne	F
Thyara	F
Tiaanna	F
Tiana	F
Tiara	F
Ticiana	F
Ticiane	F
Ticiara	F
Tida	F
Tiffany	F
Tiguidanke	F
Tilia	F
Timeea	F
Tin	F
Tina	F
Tinkal	F
Tinky	F
Tiphany	F
Tisha	F
Tita	F
Tiwatope	F
Tomasa	F
Tomásia	F
Tomázia	F
Tomomi	F
Tracy	F
Trefa	F
Tressia	F
Trinity	F
Trisha	F
Tshayene	F
Tshelika	F
Tshinina	F
Tsz	F
Tuana	F
Tuany	F
Túlia	F
Túlipa	F
Tvaya	F
Tvisha	F
Twin	F
Txissola	F
Tyciane	F
Uhenia	F
Ulé	F
Ulmira	F
Ululani	F
Umaiza	F
Umaro	F
Uriyanne	F
Ursula	F
Úrsula	F
Urvi	F
Urvika	F
Urwa	F
Ustyna	F
Uxue	F
Vacilissa	F
Vadeleisy	F
Vadinilda	F
Vaíse	F
Vaishnavi	F
Valdimara	F
Valdimira	F
Valentina	F
Valentine	F
Valentyna	F
Valeria	F
Valéria	F
Valerie	F
Valeriya	F
Valesca	F
Valeska	F
Valhentina	F
Vallentina	F
Vallentyna	F
Valmarie	F
Valnice	F
Valquíria	F
Vanaika	F
Vanda	F
Vanellope	F
Vanélssia	F
Vanessa	F
Vania	F
Vânia	F
Vanica	F
Vanilda	F
Vanine	F
Vanísa	F
Vanshika	F
Vanusa	F
Vanuza	F
Varatchaya	F
Varsha	F
Varvâra	F
Vedika	F
Velisha	F
Venicia	F
Vera	F
Verena	F
Veronica	F
Verónica	F
verónica	F
Veronika	F
Verónika	F
Veronique	F
Vicência	F
Vicki	F
Vicky	F
Victoria	F
Victória	F
Vida	F
Vidhi	F
Viera	F
Vigna	F
Viktoria	F
Viktória	F
Viktoriia	F
Viktoriya	F
Vilma	F
Vinisha	F
Viola	F
Violet	F
Violeta	F
Virali	F
Virgínia	F
Virna	F
Virsaviya	F
Vitália	F
Vitoria	F
Vitória	F
Vítória	F
Vitorina	F
Vittoria	F
Vittória	F
Vivian	F
Viviana	F
Viviane	F
Vivianne	F
Vivien	F
Vivienne	F
Viya	F
Vlada	F
Vladislava	F
Vladyslava	F
Vrischika	F
Vriya	F
Vruti	F
Vrutika	F
Vyctorya	F
Wahida	F
Wailani	F
Wamy	F
Wan	F
Wandi	F
Wania	F
Wareesha	F
Wayame	F
Weidy	F
Wendie	F
Wendy	F
Weng	F
Wenni	F
Weronika	F
Weslleyan	F
Weza	F
Whitney	F
Wiam	F
Wiame	F
Wilfania	F
Wiliana	F
Wiliane	F
Wiliannie	F
Willciany	F
Willow	F
Willyane	F
Wilma	F
Wilmara	F
Wilsia	F
Wing	F
Winnie	F
Winnye	F
Wueza	F
Wyatt	F
Wyssan	F
Xavia	F
Xénia	F
Xica	F
Xiluva	F
Xinyu	F
Xuantong	F
Xymelle	F
Yachne	F
Yacine	F
Yadavi	F
Yahan	F
Yahvi	F
Yalena	F
Yalissa	F
Yami	F
Yana	F
Yanessa	F
Yani	F
Yanice	F
Yanira	F
Yaniris	F
Yanna	F
Yannelis	F
Yanni	F
Yanran	F
Yanxi	F
Yara	F
Yaresi	F
Yarine	F
Yaryna	F
Yasaswi	F
Yasha	F
Yashika	F
Yashna	F
Yasline	F
Yasmim	F
Yasmin	F
YASMIN	F
Yasmina	F
Yasmine	F
Yásmine	F
Yasmini	F
Yasmira	F
Yasmmyn	F
Yassmin	F
Yassna	F
Yasvi	F
Yaye	F
Yazmin	F
Yazmine	F
Yedllin	F
Yellen	F
Yelyzaveta	F
Yenizia	F
Yeomney	F
Yesly	F
Yeve	F
Yin	F
Yiyi	F
Ynca	F
Yoana	F
Yoenne	F
Yohana	F
Yohanna	F
Yohanni	F
Yolanda	F
Yolela	F
Yolene	F
Yona	F
Yoná	F
Yonara	F
Yoshika	F
Yosmara	F
Yossane	F
Yris	F
Ysabella	F
Ysys	F
Yu	F
Yuana	F
Yukti	F
Yulia	F
Yuliya	F
Yumi	F
Yuna	F
Yunilsa	F
Yunna	F
Yunni	F
Yunxuan	F
Yusandra	F
Yuti	F
Yzaine	F
Zahara	F
Zahira	F
Zahra	F
Zahraa	F
Zaida	F
Zainab	F
Zainabou	F
Zainah	F
Zaíne	F
Zaira	F
Zakia	F
Zalia	F
Zamara	F
Zamy	F
Zandra	F
Zara	F
Zara-Bella	F
Zarah	F
Zarina	F
Zarish	F
Zayanne	F
Zayed	F
Zayna	F
Zaynab	F
Zayra	F
Zeenat	F
Zeina	F
Zeinaba	F
Zelda	F
Zélia	F
Zelmira	F
Zena	F
Zenaida	F
Zenaide	F
Zerena	F
Zhara	F
Zhoé	F
Zia	F
Zikra	F
Zilda	F
Zinaida	F
Zita	F
Ziva	F
Ziya	F
Zlata	F
Zoe	F
Zoé	F
Zoei	F
Zoe-Marie	F
Zoey	F
Zoia	F
Zooey	F
Zora	F
Zoya	F
Zulai	F
Zuleica	F
Zuleyca	F
Zuleyka	F
Zulmira	F
Zunairah	F
Zurain	F
Zuri	F
Zuzanna	F
